,USER_ID,COLLEGE_ID,BIT_STRING,1,2,3,4,5,6,7,8,9,10,11,12,13,14,15,16,17,18,19,20,21,22,23,24,25,26,27,28,29,30,31,32,33,34,35,36,37,38,39,40,41,42,43,44,45,46,47,48,49,50,51,52,53,54,55,56,57,58,59,60,61,62,63,64,65,66,67,68,69,70,71,72,73,74,75,76,77,78,79,80,81,82,83,84,85,86,87,88,89,90,91,92,93,94,95,96,97,98,99,100,101,102,103,104,105,106,107,108,109,110,111,112,113,114,115,116,117,118,119,120,121,122,123,124,125,126,127,128,129,130,131,132,133,134,135,136,137,138,139,140,141,142,143,144,145,146,147,148,149,150,151,152,153,154,155,156,157,158,159,160,161,162,163,164,165,166,167,168,169,170,171,172,173,174,175,176,177,178,179,180,181,182,183,184,185,186,187,188,189,190,191,192,193,194,195,196,197,198,199,200,201,202,203,204,205,206,207,208,209,210,211,212,213,214,215,216,217,218,219,220,221,222,223,224,225,226,227,228,229,230,231,232,233,234,235,236,237,238,239,240,241,242,243,244,245,246,247,248,249,250,251,252,253,254,255,256
1001,user1001,college101,0,1,1,0,0,1,1,0,0,0,0,0,1,1,0,0,1,0,0,1,1,0,0,1,1,0,1,0,0,1,1,1,0,0,1,1,0,0,0,1,0,0,0,0,0,1,1,1,1,0,0,0,0,1,0,0,1,1,1,0,0,1,0,0,0,0,0,1,1,1,1,0,0,0,0,1,0,1,1,1,1,1,1,0,1,0,0,0,0,1,1,0,1,0,0,0,1,0,0,0,1,1,0,1,0,0,1,0,0,1,0,1,1,1,0,0,0,1,0,1,0,0,1,1,1,0,0,1,0,0,1,0,0,1,1,1,1,0,1,0,0,1,1,0,1,1,0,0,1,0,0,1,1,0,0,1,1,1,1,0,1,0,1,1,0,0,1,1,1,1,0,1,0,0,1,0,0,1,1,1,1,1,1,1,1,0,0,0,1,1,0,1,1,0,0,1,0,1,0,1,0,0,1,0,0,1,0,0,1,0,1,1,0,0,1,1,0,0,0,0,0,1,1,1,0,0,0,0,1,0,1,0,1,0,1,1,1,1,0,1,0,0,0,1,1,1,1,0,1,0,0,0,0,0,1,1,0
1002,user1002,college102,0,1,1,0,1,0,0,0,0,1,1,0,1,1,0,0,1,0,1,1,0,0,0,1,1,0,1,1,1,1,0,1,1,0,1,1,1,0,0,0,0,0,0,1,0,1,1,0,1,1,0,1,0,1,0,0,1,1,1,1,0,0,1,1,0,0,0,1,1,0,1,0,0,1,1,1,0,0,1,0,1,0,0,0,0,0,0,0,0,1,1,0,1,0,1,0,0,0,0,0,1,1,0,1,0,0,0,0,0,0,0,1,1,1,1,0,1,1,1,1,0,0,1,0,1,0,0,1,0,0,0,0,0,1,1,1,0,1,0,1,1,0,0,0,1,1,1,1,0,1,0,1,1,0,0,1,1,1,0,1,0,1,0,0,0,0,1,0,1,1,0,1,1,0,0,1,0,1,1,1,1,0,0,1,0,0,0,0,1,1,1,0,0,1,1,1,0,0,0,1,1,0,1,1,0,0,1,1,1,0,1,1,1,1,1,0,0,0,0,1,0,1,0,1,1,0,1,1,0,1,0,0,1,1,1,1,0,0,1,1,1,0,0,1,1,1,1,1,1,1,0,0,0,0,1,1,1
1003,user1003,college102,0,1,1,1,0,1,1,1,1,0,0,0,1,0,0,1,0,1,0,1,0,0,0,1,1,1,1,0,0,0,0,0,0,0,1,1,1,1,0,0,1,1,1,0,0,1,1,1,0,0,0,1,1,0,0,0,1,1,0,1,0,1,1,1,1,0,0,1,0,0,0,1,0,1,0,0,0,0,1,1,1,1,1,0,0,0,0,0,0,1,1,0,1,1,1,0,1,0,1,0,1,1,1,0,1,1,0,0,0,0,0,1,1,1,1,1,0,1,1,0,0,0,1,1,1,1,0,0,0,0,0,0,0,1,1,1,0,1,1,1,1,1,0,0,1,1,1,0,0,1,0,1,1,0,0,1,0,1,1,1,1,1,1,0,0,0,1,1,1,0,1,1,1,0,1,1,0,1,1,0,0,1,1,0,0,0,0,0,1,1,1,1,1,0,1,0,1,0,0,1,1,1,1,0,1,1,1,1,0,0,1,0,1,1,1,1,0,0,1,0,0,1,1,1,1,0,1,0,1,0,0,0,1,1,1,1,1,1,0,0,1,0,0,1,1,1,1,1,1,1,1,0,0,0,1,1,1
1004,user1004,college103,0,1,1,1,1,1,0,1,0,0,0,0,1,1,0,0,1,0,1,0,0,0,0,1,1,0,1,1,1,0,1,0,1,0,1,0,1,1,0,0,1,1,0,1,0,1,0,1,1,1,0,1,1,0,0,0,1,1,1,1,1,0,1,0,1,1,0,1,1,1,0,0,1,0,1,0,1,0,1,0,0,0,0,0,0,1,1,1,0,1,0,0,1,0,1,1,0,0,0,0,1,1,1,1,1,0,1,0,0,0,0,1,1,1,1,1,0,0,1,0,0,0,1,1,0,1,0,0,0,0,0,0,0,1,1,1,1,1,0,0,1,0,0,0,1,1,1,1,1,1,1,0,1,0,0,1,1,1,1,1,0,0,0,0,0,0,1,1,1,1,1,1,1,0,1,0,0,1,1,1,1,1,1,1,0,0,0,0,1,1,1,0,1,0,1,1,0,0,0,1,1,0,1,0,1,1,1,0,0,0,1,1,1,1,1,1,0,0,0,0,0,1,1,1,0,1,0,1,0,0,0,0,1,0,0,1,1,0,0,0,0,0,0,1,1,1,1,1,1,1,0,1,0,0,1,1,1
1005,user1005,college103,0,1,0,1,1,0,1,0,1,1,0,0,1,1,0,1,0,0,0,0,0,0,0,1,1,0,0,0,1,0,1,0,1,0,1,1,1,1,1,0,0,1,0,1,0,1,0,1,0,0,1,0,0,1,0,0,1,1,0,1,0,0,1,1,0,0,0,1,1,1,0,0,1,1,0,0,0,0,1,1,1,1,1,1,0,0,0,1,0,1,1,1,1,0,0,0,1,1,0,0,1,1,1,1,1,0,0,1,0,0,0,1,0,1,1,0,0,1,1,0,0,0,1,1,0,0,1,1,0,0,0,0,0,1,0,1,1,1,0,0,1,1,0,0,1,1,1,1,0,1,0,0,0,0,0,1,0,1,0,0,1,1,0,0,1,0,1,1,1,1,0,1,0,0,0,0,0,1,1,0,0,0,1,0,0,0,0,0,1,1,1,1,1,0,1,1,0,0,0,1,0,1,1,1,0,0,0,0,0,0,1,1,1,0,1,1,0,0,0,0,0,1,1,0,1,1,1,0,0,0,0,0,1,1,1,1,0,0,0,1,1,0,0,1,1,1,0,1,1,0,0,0,0,0,1,1,1
1006,user1006,college103,0,1,1,1,1,1,1,0,0,0,0,0,1,1,1,1,1,1,0,0,0,1,0,1,1,0,1,0,1,0,1,0,0,0,1,1,0,0,1,0,0,0,0,0,0,1,0,1,0,0,1,0,0,0,0,0,1,1,1,1,1,1,1,0,0,0,0,1,1,1,1,1,0,1,0,0,1,0,1,1,1,1,1,0,0,0,0,0,0,1,0,0,0,1,0,0,1,0,0,0,1,1,0,0,0,1,1,0,0,1,0,1,1,0,0,1,1,0,0,0,0,0,1,1,0,1,1,1,1,0,0,0,0,1,1,1,0,1,0,1,1,1,1,1,1,0,0,0,0,1,1,0,0,0,0,1,1,0,0,1,1,0,0,0,0,0,1,1,1,0,1,0,1,1,1,0,0,1,1,1,1,1,0,0,1,0,1,0,1,1,1,1,0,0,1,1,0,1,0,1,1,0,0,0,0,1,0,0,1,0,1,1,0,0,1,1,0,1,0,0,0,1,1,0,0,0,0,0,0,1,1,0,1,1,1,1,1,0,1,0,0,0,0,1,1,1,1,0,0,1,1,0,0,0,1,1,1
1007,user1007,college104,0,1,1,0,1,0,0,0,1,1,1,0,1,1,1,1,1,0,0,1,0,0,0,1,1,1,0,0,1,0,0,0,0,0,1,1,0,1,0,1,0,1,0,0,0,1,1,1,1,0,1,1,1,0,0,0,1,1,1,0,0,1,1,1,0,0,0,1,1,1,1,1,1,0,0,0,0,0,1,0,0,1,0,1,1,0,1,0,0,1,1,1,0,0,1,1,0,1,0,0,1,1,1,1,1,1,0,1,1,1,0,1,1,0,1,0,1,0,1,1,0,0,1,1,1,1,1,1,1,1,0,1,0,1,1,0,0,1,0,0,0,1,0,0,1,1,1,0,1,1,0,0,1,1,0,1,1,1,1,1,0,1,1,0,0,0,1,1,1,0,0,0,0,1,0,0,0,1,0,1,1,1,0,1,1,0,0,0,1,1,1,0,0,1,1,0,0,1,0,1,1,1,0,1,0,1,0,1,0,0,1,1,1,0,1,0,1,0,1,0,0,1,1,1,1,0,1,1,1,0,0,0,1,1,1,1,1,0,0,1,0,0,0,1,1,0,0,1,0,0,0,0,1,0,1,1,1
1008,user1008,college104,0,1,1,1,0,1,0,0,0,1,0,1,1,0,1,1,0,0,0,0,1,0,0,1,1,1,0,1,0,0,1,0,0,0,1,1,1,1,1,0,0,1,0,0,0,1,1,1,1,0,0,1,0,0,0,0,1,1,1,1,0,0,1,1,1,0,0,1,0,0,1,1,1,1,0,0,0,0,1,1,1,1,0,1,1,1,0,0,0,1,1,1,1,0,1,0,0,0,0,0,1,1,1,1,1,1,0,0,0,0,0,1,1,0,1,0,0,0,0,1,0,0,1,1,1,1,1,1,0,0,1,0,0,1,1,0,0,1,1,1,0,0,0,0,1,0,0,1,0,0,1,0,0,1,0,1,1,1,0,1,1,0,0,0,0,0,1,1,1,1,0,1,0,1,0,0,0,1,0,0,1,1,1,1,0,0,1,0,1,1,1,1,0,1,1,1,0,0,0,1,1,1,1,1,0,0,0,0,0,0,1,1,1,1,0,1,1,0,0,0,0,1,0,1,1,1,0,1,1,0,0,0,1,1,1,1,1,1,1,1,0,0,0,1,1,1,1,0,1,0,0,0,0,0,1,1,0
1009,user1009,college104,0,1,1,1,1,0,1,1,0,0,0,0,1,0,1,1,1,1,1,0,1,0,0,1,0,1,1,0,1,0,1,0,0,0,1,1,1,1,0,0,0,1,0,0,0,1,0,1,1,1,0,0,1,0,0,0,1,0,1,0,0,1,0,0,0,0,0,1,1,1,1,1,0,1,0,1,0,0,1,1,1,0,1,0,0,0,0,0,0,1,1,1,0,0,0,0,0,1,0,0,1,1,1,1,0,1,0,0,0,0,1,1,1,1,0,1,1,1,0,0,1,0,1,1,1,1,0,0,1,0,1,0,0,1,1,1,0,1,0,1,0,0,0,0,1,1,1,1,1,0,0,0,0,0,0,1,1,1,1,1,0,1,0,1,0,0,1,1,1,1,1,0,1,1,1,0,0,1,1,1,1,0,1,1,0,0,1,0,1,1,1,1,0,1,0,1,1,0,0,1,1,1,0,0,1,1,1,0,1,0,1,1,1,1,1,1,1,0,0,0,0,1,1,1,1,1,1,0,1,0,0,0,1,1,1,1,1,0,1,0,0,0,0,1,1,1,1,1,1,0,0,0,0,0,1,1,0
1010,user1010,college104,0,1,0,1,1,1,0,1,0,0,1,0,1,1,0,1,0,0,1,1,1,0,0,1,1,1,1,0,1,0,1,0,0,0,1,1,1,1,0,1,1,0,0,1,0,1,1,1,1,1,1,0,0,0,0,0,1,1,1,1,1,0,1,0,1,0,0,1,0,1,0,0,1,1,0,0,1,0,1,1,1,1,1,1,0,1,0,0,0,1,1,1,0,1,1,0,0,0,0,0,1,1,0,1,0,1,0,1,0,0,0,1,0,1,0,1,0,0,0,0,0,0,1,1,1,1,1,0,1,0,0,1,0,1,1,1,0,1,1,1,0,0,1,0,1,1,0,1,0,1,0,1,1,0,0,1,1,1,1,0,1,1,1,0,0,0,1,1,1,0,1,0,1,0,0,1,0,1,1,0,0,1,1,0,1,0,0,0,1,1,0,1,0,0,1,0,0,0,0,1,1,0,1,1,1,1,0,0,1,0,1,0,1,0,1,1,0,1,1,1,0,1,1,0,0,1,0,1,0,0,0,0,1,1,0,1,1,1,1,0,0,0,0,1,1,1,1,1,0,0,0,1,0,0,1,1,0
1011,user1011,college105,0,1,1,1,1,0,1,1,1,0,0,0,1,0,0,1,0,0,0,0,0,0,0,1,0,1,1,0,0,1,0,0,0,0,1,1,0,1,1,1,0,1,1,0,0,1,1,1,0,0,0,1,0,0,0,0,1,1,1,1,0,1,1,1,0,0,0,1,1,1,0,1,0,1,1,0,0,0,1,1,1,1,1,0,0,1,1,0,0,1,1,0,1,1,0,0,1,0,0,0,1,1,0,1,1,0,0,0,0,1,0,1,1,1,1,0,0,1,1,0,0,0,1,1,0,0,1,0,1,0,0,1,0,1,0,1,0,1,0,1,1,1,0,0,1,1,1,0,1,0,0,1,0,0,0,1,0,0,1,0,0,0,1,0,0,0,1,0,1,1,0,1,0,0,0,0,0,1,1,1,1,1,0,1,1,1,1,0,1,1,1,0,0,0,0,0,0,1,0,1,1,1,0,1,0,0,0,1,1,0,1,1,0,1,1,0,0,0,1,1,0,1,1,0,1,1,0,1,0,0,0,0,1,1,1,0,0,0,1,1,1,0,0,1,1,1,1,0,0,1,1,0,1,0,1,1,0
1012,user1012,college105,0,1,0,1,0,0,0,0,1,1,1,0,1,1,1,1,1,1,0,0,1,0,0,1,0,1,0,1,1,0,0,0,0,0,1,1,0,0,0,1,0,0,1,0,0,1,1,1,1,1,1,0,0,1,0,0,1,1,1,1,0,0,0,0,1,1,0,1,1,1,0,0,1,1,1,0,0,0,1,1,0,0,1,1,1,0,0,0,0,1,1,0,0,1,1,1,0,0,1,0,1,1,1,0,0,0,0,0,0,0,0,1,1,1,1,0,0,0,0,0,0,0,1,1,1,1,1,0,0,1,1,0,0,1,0,1,1,1,1,0,0,0,0,1,1,1,1,1,1,0,0,0,1,0,0,1,1,1,0,1,0,0,0,0,0,0,1,0,0,1,1,0,0,1,1,0,0,1,1,1,1,1,1,0,0,1,0,0,1,1,1,1,1,1,1,1,1,0,0,1,1,0,0,0,1,1,0,0,0,0,1,1,1,1,1,0,1,1,0,0,0,1,1,1,1,1,0,1,1,1,0,1,1,1,1,1,1,0,1,1,0,0,0,1,1,1,1,1,0,0,0,0,0,0,1,1,1
1013,user1013,college105,0,1,1,1,1,1,0,1,0,0,0,0,1,1,0,0,1,1,1,0,0,0,0,1,1,1,0,1,1,1,0,0,1,0,1,1,1,1,0,0,0,1,0,0,0,1,1,1,1,1,1,0,0,0,0,0,1,1,1,1,0,1,0,0,0,0,0,1,1,1,0,0,0,0,0,1,0,0,1,1,0,1,1,0,0,0,0,0,0,1,1,0,1,1,1,1,0,0,0,0,1,1,1,1,1,1,1,1,0,1,0,1,1,0,1,1,1,0,0,0,1,0,1,1,0,0,0,1,0,0,1,0,0,1,0,0,1,0,0,0,0,0,0,0,1,1,0,1,1,1,1,1,0,0,0,1,1,1,1,1,0,0,0,0,0,0,1,1,1,0,1,0,0,0,0,0,0,1,1,1,1,0,0,0,0,0,0,0,1,1,0,1,0,1,0,0,1,0,0,1,1,1,0,0,1,0,1,1,1,0,1,0,1,1,0,0,1,0,0,0,0,1,1,1,0,0,0,1,1,1,0,0,1,1,1,0,0,0,1,0,0,0,0,1,1,0,1,0,0,1,0,1,1,0,1,1,1
1014,user1014,college105,0,1,1,1,1,0,1,1,1,0,0,0,1,1,0,0,0,0,0,0,0,0,0,1,0,1,0,1,0,1,0,0,0,0,1,1,1,1,0,1,1,0,0,0,0,1,1,1,1,1,1,1,1,0,0,0,1,1,0,0,1,0,0,0,0,0,0,1,1,1,0,1,1,0,0,0,0,0,1,1,1,1,0,0,0,0,0,0,0,1,0,1,1,1,0,0,0,0,0,0,1,1,1,1,1,1,1,0,0,0,0,1,0,0,0,0,1,0,1,0,0,0,1,1,1,1,1,0,1,1,0,0,0,1,1,1,1,1,1,1,1,1,0,0,1,1,1,1,1,0,1,0,0,1,0,1,1,1,1,1,1,1,0,0,0,0,1,1,1,1,1,0,0,1,0,0,0,1,1,1,0,1,0,1,1,0,0,0,1,1,0,1,0,1,0,0,1,0,0,1,1,1,1,0,1,1,1,1,0,0,1,1,1,0,1,0,0,0,0,0,0,1,1,1,1,0,0,1,0,1,1,0,1,1,1,0,1,1,1,1,0,0,0,1,1,1,1,0,1,0,1,0,0,0,1,1,1
1015,user1015,college105,0,1,1,1,1,1,0,1,0,1,0,0,1,1,0,1,0,0,1,0,0,1,0,1,1,0,0,0,1,1,0,0,0,0,1,1,1,1,0,0,1,0,0,0,0,1,1,1,1,1,1,0,1,1,0,0,1,1,1,0,1,1,1,0,0,0,0,1,1,1,1,1,0,1,0,1,1,0,1,1,0,1,0,0,1,0,0,1,0,1,1,0,1,1,0,0,1,1,0,1,1,1,1,0,1,1,0,1,1,0,0,1,1,1,1,1,0,0,0,0,1,0,1,1,1,1,1,0,0,1,1,0,0,1,0,1,0,0,1,1,0,0,0,0,1,1,0,0,0,1,0,0,0,1,0,1,1,0,1,1,1,0,0,1,1,0,1,1,0,0,1,0,0,1,0,0,0,1,1,0,1,0,1,1,1,0,0,0,1,1,1,0,0,1,0,0,0,0,0,1,1,0,0,1,0,1,1,1,0,0,1,0,1,1,1,0,1,0,0,0,0,1,0,0,0,1,0,1,0,0,0,0,1,1,0,1,1,1,1,1,0,0,0,1,1,0,1,0,0,0,0,1,0,0,1,1,1
1016,user1016,college106,0,1,0,1,1,1,0,1,1,1,0,0,1,1,1,1,0,1,1,1,1,0,0,1,1,1,1,0,0,1,1,0,0,0,1,1,0,1,1,1,0,0,1,0,0,1,0,0,1,1,1,0,1,0,0,0,1,0,1,0,0,0,0,0,0,0,0,1,1,1,0,0,1,1,0,0,1,0,1,1,1,1,1,1,0,1,1,0,0,1,1,1,1,0,1,1,1,0,0,0,1,1,0,0,1,0,0,1,1,1,0,1,0,1,1,0,1,1,1,0,0,0,1,1,0,0,1,1,0,1,0,0,0,1,0,1,0,0,1,0,0,1,0,0,1,1,1,1,0,1,1,1,1,0,0,1,1,1,1,0,1,1,1,1,0,0,1,0,1,1,1,1,0,0,1,1,0,1,1,0,1,1,0,1,0,1,1,0,1,1,1,0,1,0,1,0,0,0,0,1,0,0,0,0,1,0,1,0,0,0,1,0,1,1,0,0,1,0,1,0,0,1,1,0,1,1,0,0,0,1,0,0,1,1,0,1,1,1,0,0,0,0,0,1,1,0,1,1,0,0,1,0,0,0,1,0,1
1017,user1017,college106,0,1,1,1,0,1,1,0,0,0,0,0,1,1,1,1,1,1,0,0,1,0,0,1,0,1,1,1,0,1,0,0,1,0,1,1,0,1,1,0,1,0,0,0,0,1,1,0,1,1,0,1,0,0,1,0,1,1,0,1,1,0,0,1,0,0,0,1,1,0,1,1,1,1,0,0,0,0,1,1,0,1,1,1,1,0,0,0,0,1,1,1,1,1,0,0,1,0,1,0,1,1,1,1,0,0,0,1,0,0,0,1,1,1,0,1,1,0,1,0,1,0,1,0,0,0,1,0,0,0,0,1,0,1,1,1,1,1,0,0,1,1,1,0,1,1,1,1,0,0,0,1,0,0,0,1,0,0,0,0,0,0,0,1,1,0,1,1,1,1,1,1,1,0,0,0,0,1,1,1,0,1,0,1,0,0,0,0,1,1,1,1,1,0,0,1,1,0,0,1,1,1,1,1,1,0,0,0,0,0,1,1,1,0,0,1,1,0,0,0,0,1,1,1,1,1,0,1,1,0,0,0,1,1,1,1,1,1,0,0,0,0,0,1,1,0,1,0,1,0,0,1,0,0,1,1,1
1018,user1018,college106,0,1,1,1,1,0,0,1,0,0,0,0,1,0,0,0,1,1,0,0,0,1,0,1,1,1,1,0,1,1,0,0,0,0,1,1,1,1,0,1,1,1,0,1,0,1,1,1,1,1,1,0,1,0,0,0,1,0,1,0,1,1,0,0,1,0,0,1,1,1,0,1,0,1,0,1,0,0,1,0,0,0,0,1,0,0,1,0,0,1,1,0,0,1,1,0,1,0,0,0,1,0,1,1,0,0,0,1,1,0,0,1,0,1,1,0,1,0,0,0,0,0,1,1,1,1,0,1,0,0,0,0,0,1,0,1,0,1,1,1,1,0,1,0,1,1,1,0,1,1,0,1,0,0,0,1,1,1,1,0,1,0,0,0,0,0,1,1,1,1,0,1,0,1,0,0,0,1,1,1,1,1,1,1,0,0,0,0,1,1,1,1,1,0,1,0,0,0,0,1,1,1,1,1,1,0,0,0,0,0,1,1,1,1,0,1,1,0,1,0,0,1,1,0,0,0,0,0,1,1,0,0,1,0,1,0,0,1,1,0,0,0,0,1,1,1,1,1,1,1,0,0,0,0,1,1,1
1019,user1019,college106,0,1,1,0,0,1,0,0,1,0,0,0,1,1,0,1,0,0,0,0,1,0,0,1,1,1,1,0,1,0,1,0,0,0,1,1,1,0,1,1,1,1,0,0,0,1,1,0,1,1,0,0,0,0,1,0,1,1,1,1,1,0,0,1,0,1,0,1,1,1,0,0,1,0,0,0,0,0,1,1,1,0,0,1,0,0,1,0,0,1,1,1,1,1,1,0,0,0,0,0,1,1,1,1,0,0,1,1,0,0,0,1,1,1,1,1,1,1,0,1,0,0,1,1,0,0,1,1,0,0,0,1,0,1,0,1,1,1,0,0,0,0,0,0,1,0,1,1,0,1,0,0,1,1,0,1,1,0,1,1,1,1,1,0,0,0,1,1,1,0,0,1,0,1,1,1,0,1,1,0,1,0,0,1,1,0,0,0,1,1,1,1,0,0,1,0,0,0,0,1,1,1,1,0,0,0,0,0,0,0,1,1,0,1,0,0,1,1,0,0,0,1,1,0,0,1,1,1,1,0,1,0,1,1,1,0,0,1,1,1,1,0,0,1,0,1,1,1,0,0,0,0,0,0,1,1,1
1020,user1020,college106,0,1,1,1,0,1,1,1,0,0,1,0,1,1,0,0,0,0,1,1,0,0,0,1,1,0,1,1,0,0,0,0,0,0,1,1,1,1,1,0,0,0,0,0,0,1,1,1,0,1,1,1,0,0,0,0,1,1,1,1,1,0,0,0,0,0,0,1,1,1,1,1,0,0,1,0,0,0,1,1,1,1,1,1,0,1,1,0,0,1,1,1,1,0,0,0,0,1,0,0,1,1,1,1,1,0,0,1,0,0,0,1,1,1,0,1,1,0,0,0,1,0,1,0,1,1,0,1,0,1,0,0,0,1,1,1,0,0,1,0,1,0,0,0,1,1,1,1,1,0,0,0,0,0,0,1,1,1,1,1,0,0,0,0,0,0,1,0,1,1,0,0,0,1,0,1,0,1,1,0,1,0,0,0,1,0,1,0,1,1,1,1,1,0,1,1,0,0,0,1,0,1,1,0,0,1,0,1,0,0,1,1,1,1,0,1,0,0,0,0,0,1,0,1,1,1,1,1,0,1,0,0,1,1,1,1,1,0,1,0,1,0,0,1,0,1,1,0,1,0,1,0,0,0,1,1,0
1021,user1021,college106,0,1,1,1,1,1,1,0,1,1,0,1,1,1,0,1,0,0,0,0,0,1,0,1,0,0,1,0,0,0,0,0,0,0,1,0,1,1,1,0,1,1,0,0,0,1,0,1,0,1,1,0,1,0,0,0,1,1,0,1,0,0,1,1,1,0,0,1,0,1,1,0,1,0,0,0,0,0,1,1,1,1,0,1,1,0,0,0,0,1,1,1,1,1,1,0,0,1,0,0,1,1,0,1,0,0,1,1,0,0,0,1,0,1,0,0,0,1,0,1,0,0,1,1,1,0,0,1,0,0,0,0,0,1,1,1,1,1,0,1,1,0,0,0,1,1,1,0,1,0,1,1,0,0,0,1,1,1,1,1,0,1,0,0,0,0,1,1,1,1,1,0,0,0,0,0,0,1,1,1,1,0,1,1,1,0,0,0,1,1,1,0,0,1,0,0,0,0,0,1,1,0,1,0,1,0,0,0,0,0,1,1,1,0,0,1,0,1,1,1,0,1,1,1,0,0,0,0,0,0,1,0,1,1,1,1,1,0,1,0,0,0,0,1,1,0,0,0,1,0,0,0,0,0,1,1,0
1022,user1022,college107,0,1,1,1,1,1,0,1,1,0,0,0,1,1,0,1,1,0,0,1,0,0,0,1,1,1,1,1,1,1,0,0,0,0,1,1,0,1,1,0,1,0,0,0,0,1,1,1,1,1,0,1,1,0,0,0,1,0,0,0,0,1,0,0,0,0,0,1,1,1,1,0,1,0,0,0,0,0,1,1,0,0,1,0,0,0,0,0,0,1,1,0,0,0,1,1,1,0,0,0,1,1,1,1,1,1,0,1,1,1,0,1,1,1,0,1,1,1,1,0,0,0,1,1,1,1,1,1,0,1,0,1,0,1,1,1,1,1,0,0,1,0,0,0,1,1,1,1,0,0,1,0,1,0,0,1,1,1,1,1,1,0,0,1,0,0,1,1,0,1,0,0,1,1,0,0,0,1,0,1,0,1,0,1,0,0,0,0,1,1,0,0,1,0,1,0,0,0,0,1,1,1,1,0,1,1,0,0,0,0,1,1,0,0,1,0,0,0,0,0,0,1,1,1,1,1,1,0,0,1,0,0,1,1,1,1,0,1,1,0,0,0,0,1,1,0,0,0,1,1,0,0,0,0,1,1,1
1023,user1023,college107,0,1,1,1,1,0,0,1,0,0,0,0,1,1,1,0,1,1,1,1,0,0,0,1,0,1,0,1,0,0,0,0,0,0,1,1,0,0,1,1,1,0,1,0,0,1,1,1,0,1,0,0,0,1,0,0,1,1,0,1,1,1,0,1,1,0,0,1,1,1,0,1,1,0,1,0,0,0,1,0,1,0,0,1,0,1,1,0,0,1,1,1,1,0,0,0,0,1,0,0,1,1,0,1,0,1,1,1,0,0,0,1,1,0,1,0,0,0,0,0,0,1,1,1,0,0,0,1,1,1,0,0,0,1,1,0,1,1,1,1,1,0,0,0,1,1,1,1,1,1,0,1,0,0,0,1,0,0,1,0,0,0,0,1,0,0,1,1,1,1,0,0,1,0,0,0,0,1,1,0,1,1,1,1,0,1,0,0,1,1,1,0,0,1,0,0,0,1,0,1,1,1,0,1,1,0,0,1,0,0,1,1,1,1,1,1,0,0,0,0,0,1,0,1,0,0,1,0,1,0,0,0,1,0,0,1,0,0,0,1,0,1,0,1,1,0,1,1,1,0,0,0,1,0,1,1,1
1024,user1024,college107,0,1,1,1,1,0,1,0,0,0,0,0,1,1,1,1,1,0,1,0,1,0,0,1,1,1,1,0,1,1,1,0,0,0,1,1,0,0,1,0,0,0,0,0,0,1,1,1,0,0,1,1,1,0,0,0,1,1,0,0,0,0,0,0,0,0,0,1,1,1,0,1,1,0,0,0,1,0,1,1,0,1,1,1,0,0,1,0,0,1,1,0,0,1,1,1,1,1,0,0,1,1,1,1,0,1,0,0,0,1,0,1,1,0,1,1,0,1,1,0,0,0,1,1,1,1,1,0,0,0,0,0,0,1,1,1,1,1,0,0,0,1,1,0,1,0,0,0,1,1,0,0,0,0,0,1,1,1,0,1,1,0,0,1,0,0,1,0,1,0,1,1,1,0,1,0,0,1,1,1,0,0,1,1,0,0,1,0,1,1,0,1,0,0,0,1,0,0,0,1,1,1,1,0,0,0,1,1,0,0,1,1,1,1,0,1,0,1,0,1,0,1,1,1,1,1,0,0,1,0,0,0,1,1,1,1,0,0,1,1,1,1,0,1,1,1,1,0,0,0,0,0,0,0,1,1,1
1025,user1025,college107,0,1,0,0,0,0,1,0,0,1,0,0,1,0,1,0,1,0,1,1,1,0,0,1,1,0,1,0,1,1,0,1,0,0,1,1,1,1,0,0,0,0,0,0,0,1,1,1,1,1,0,0,1,1,0,0,1,0,1,0,1,0,1,0,0,0,0,1,1,1,1,1,0,0,1,1,0,0,1,1,1,0,0,1,0,0,0,0,1,1,1,1,1,0,1,0,0,0,0,0,1,1,1,0,0,0,1,1,0,1,0,1,1,1,1,1,1,1,0,0,0,0,1,1,0,1,1,1,0,0,0,0,0,1,1,1,0,1,0,0,0,0,1,0,1,0,0,1,0,0,0,0,1,0,0,1,1,0,0,0,1,0,1,1,0,0,1,1,1,1,1,1,0,0,0,1,0,1,1,0,1,1,1,1,0,0,1,0,1,1,0,1,1,0,0,1,0,1,0,1,0,0,1,1,0,0,0,0,0,0,1,1,1,1,1,1,0,1,0,0,0,1,1,0,0,0,1,1,0,1,1,0,1,1,0,1,1,1,1,1,0,0,0,1,1,1,0,1,1,0,0,0,0,0,1,1,1
1026,user1026,college107,0,1,1,0,1,0,0,0,1,0,0,0,1,1,1,1,0,0,1,0,0,1,0,1,0,1,0,1,0,0,0,0,1,0,1,1,1,1,1,1,0,1,0,0,0,1,0,1,1,1,0,1,1,0,0,0,1,1,1,1,1,0,0,0,0,0,0,1,1,0,1,0,1,0,0,1,0,0,1,1,1,0,0,1,1,0,0,0,0,1,0,1,0,0,1,1,0,0,0,0,1,0,1,1,0,1,1,0,0,0,0,1,1,1,1,0,1,0,0,0,0,0,1,1,1,1,1,0,0,0,1,0,0,1,1,1,0,0,1,1,0,0,0,0,1,0,1,1,1,1,1,0,0,1,0,1,1,0,0,1,0,1,1,0,0,0,1,0,1,0,0,0,0,0,0,0,0,1,1,1,1,1,1,0,0,0,0,0,1,1,1,1,1,1,1,0,0,0,0,1,0,1,1,0,1,0,1,0,1,0,1,0,1,1,0,0,1,1,1,0,0,1,1,0,1,0,0,1,1,1,0,0,1,1,1,1,1,1,1,0,1,1,0,1,1,1,1,0,1,0,1,0,0,0,1,1,1
1027,user1027,college107,0,1,1,1,0,1,1,1,0,1,0,0,1,1,0,0,0,1,1,1,0,1,0,1,0,0,1,1,0,0,0,1,0,0,1,1,0,1,0,0,0,1,0,0,0,1,0,1,1,1,0,0,0,0,0,0,1,1,1,1,1,0,1,1,1,0,0,1,1,1,0,0,1,0,1,0,0,0,1,1,1,0,0,1,1,0,0,1,0,1,0,1,1,1,1,1,0,0,0,0,1,1,1,1,1,1,0,0,0,0,0,1,1,1,0,0,0,0,0,0,1,0,1,1,1,1,1,1,0,0,0,0,0,1,1,0,0,1,1,0,0,1,0,0,1,1,0,1,1,1,1,0,1,0,0,1,1,1,0,1,0,1,0,1,0,0,1,1,0,1,1,1,0,0,0,1,0,1,1,1,0,1,0,0,1,0,0,0,1,1,0,0,1,0,0,0,1,0,0,1,0,1,1,0,1,1,1,0,0,0,1,1,1,1,1,0,0,0,0,1,0,1,0,1,1,1,0,0,1,0,0,0,1,1,1,1,1,0,1,0,0,0,0,1,1,1,0,1,0,0,0,1,0,0,1,0,1
1028,user1028,college107,0,1,1,0,1,0,1,0,1,1,0,0,1,1,0,1,1,0,1,0,0,0,0,1,1,0,0,0,1,0,0,1,0,0,1,1,0,0,1,1,1,1,0,0,0,1,1,1,0,1,1,1,0,0,0,0,1,0,0,0,1,0,1,0,1,0,0,1,1,0,1,0,1,0,0,0,0,0,1,1,1,1,0,1,1,1,0,1,0,1,1,1,1,0,0,0,0,0,0,0,1,1,1,0,1,0,1,0,0,0,0,1,1,1,1,1,0,0,0,0,0,1,1,1,1,1,1,1,1,0,0,1,0,1,1,1,1,1,1,1,1,0,0,0,1,1,1,0,1,1,1,0,1,1,0,1,1,1,1,0,1,1,0,1,1,0,1,1,1,1,0,0,1,1,0,0,0,1,0,0,1,0,0,1,1,0,0,0,1,1,1,1,1,0,1,0,0,0,0,1,1,0,0,1,1,1,1,0,0,0,1,1,1,1,0,0,1,1,0,0,0,1,1,1,1,0,1,0,0,0,0,0,1,0,0,1,0,1,1,1,0,1,0,1,1,0,0,0,0,1,0,1,0,0,1,0,0
1029,user1029,college108,0,1,1,0,1,1,0,0,1,0,0,0,1,0,1,0,0,1,0,0,1,0,0,1,1,1,1,1,0,1,1,0,0,0,1,1,1,1,1,1,0,1,1,0,0,1,1,0,1,0,1,1,1,0,0,0,1,0,1,1,0,1,1,0,1,1,0,1,1,0,0,0,1,0,0,0,0,0,1,1,1,1,0,0,1,0,1,0,0,1,1,0,0,0,0,1,0,0,0,0,1,1,1,0,0,1,0,0,0,0,0,1,1,1,0,1,1,0,1,0,0,0,1,1,1,0,0,1,1,0,0,0,0,1,1,1,0,0,1,0,0,1,1,0,1,1,0,1,1,0,0,1,0,1,0,1,1,1,0,1,1,0,1,0,0,0,1,1,1,0,1,1,1,0,0,0,0,1,1,0,0,1,1,1,1,1,0,0,1,1,1,1,1,1,1,0,0,0,0,1,1,1,1,0,1,0,1,0,0,0,1,0,1,1,1,1,0,0,1,0,0,1,1,1,1,0,1,1,1,0,0,0,1,1,1,1,1,0,0,0,0,0,0,1,1,0,0,1,0,1,0,0,0,0,1,1,0
1030,user1030,college108,0,1,1,1,0,1,0,0,1,0,0,0,1,1,1,0,0,0,1,0,0,0,0,1,1,0,0,0,1,1,0,1,0,0,1,1,1,1,1,0,1,0,0,0,0,1,1,1,1,1,0,0,1,1,0,0,1,0,1,1,0,0,0,1,0,0,0,1,1,1,0,0,0,0,1,0,0,0,1,1,1,0,1,1,1,0,1,0,0,1,1,1,1,0,0,0,0,1,0,0,1,1,1,0,1,0,1,0,0,0,0,1,1,1,1,1,0,1,1,0,1,0,1,0,1,1,0,1,1,1,1,1,0,1,1,0,1,0,0,1,0,0,0,0,1,1,1,0,0,1,1,1,0,0,0,1,1,1,0,0,0,0,1,0,0,0,1,1,1,1,0,0,0,1,0,0,0,1,0,1,1,1,1,1,1,1,0,0,1,1,1,1,0,1,1,0,0,0,0,1,1,1,0,1,1,1,1,0,0,0,1,0,1,1,1,0,1,0,1,0,0,1,1,1,1,1,0,0,0,0,0,0,1,1,1,0,1,0,1,1,1,0,0,1,1,1,1,1,0,1,0,0,0,0,1,1,1
1031,user1031,college108,0,1,1,1,1,1,1,1,0,0,1,0,1,1,1,0,0,0,0,0,0,0,0,1,1,1,1,1,0,0,0,0,0,0,1,0,0,0,1,1,0,1,0,1,0,1,1,1,1,1,1,1,0,0,0,0,1,1,1,1,0,1,1,0,0,0,0,1,0,1,0,0,1,0,1,1,0,0,1,1,1,1,0,0,0,0,1,0,0,1,1,1,1,1,1,0,0,0,0,0,1,1,1,0,1,1,1,0,0,0,0,1,0,0,0,0,0,1,1,0,0,0,1,1,1,1,1,1,1,0,1,0,0,1,1,1,0,0,1,0,1,0,1,0,1,1,1,1,1,1,1,1,1,1,0,1,1,1,1,1,0,0,0,1,0,0,1,1,1,1,1,0,0,1,1,0,0,1,1,1,0,1,1,1,0,0,0,0,1,1,0,1,1,0,1,0,1,0,0,1,0,1,0,1,1,1,0,0,0,0,1,1,0,1,1,0,1,0,1,0,0,1,1,0,0,1,1,1,1,0,0,0,1,1,0,1,1,0,1,0,0,0,0,1,1,1,1,0,1,0,0,0,0,0,1,1,0
1032,user1032,college108,0,1,1,1,0,1,0,0,1,0,0,0,1,0,1,1,1,1,0,0,0,0,0,1,1,1,1,1,1,0,0,0,1,0,1,1,1,0,1,0,0,0,0,0,0,1,1,1,1,0,0,0,1,0,1,0,1,1,1,0,1,0,1,0,0,0,0,1,1,1,1,1,1,1,0,0,1,0,1,1,1,1,1,1,0,0,0,0,0,1,1,1,0,1,0,1,0,0,0,0,1,1,0,0,1,1,0,0,0,0,0,1,1,1,1,1,1,1,0,1,0,0,1,1,1,0,1,1,1,0,0,0,0,1,1,1,0,1,0,1,1,0,0,0,1,1,0,0,1,0,0,0,0,0,0,1,0,1,0,0,1,1,1,1,0,0,1,1,1,1,1,1,0,0,1,0,0,1,1,1,1,0,1,1,1,0,0,0,1,1,0,1,0,1,0,0,1,0,0,1,1,1,0,0,0,0,0,0,0,0,1,1,1,1,1,0,0,0,0,1,0,1,1,1,1,1,1,1,1,0,0,0,1,1,1,1,0,0,1,0,0,0,0,1,1,1,1,0,0,1,0,0,0,0,1,1,1
1033,user1033,college108,0,1,1,0,0,0,0,0,0,0,0,0,1,1,1,0,1,0,1,0,0,0,0,1,0,1,1,1,0,1,0,1,0,0,1,0,1,0,0,0,1,0,0,0,0,1,1,0,1,0,1,0,0,0,1,1,1,1,1,1,1,1,1,1,1,0,0,1,1,1,0,1,0,0,0,1,0,0,1,1,1,1,0,0,0,1,0,0,0,1,0,0,1,1,0,1,1,0,0,0,1,1,1,0,1,0,0,0,1,0,0,1,1,1,0,1,0,1,0,1,1,0,1,1,1,0,0,0,0,1,0,0,0,1,1,1,0,1,1,1,0,1,0,0,1,1,0,1,1,0,1,0,0,0,1,1,1,1,0,1,1,0,1,1,0,0,1,0,1,0,0,0,0,0,1,0,0,1,1,1,0,0,1,0,1,0,0,0,1,0,0,0,1,1,1,1,0,0,0,1,1,1,0,0,1,1,0,0,0,0,1,1,0,0,1,0,1,0,1,1,0,1,1,0,1,1,1,0,1,1,0,0,1,1,1,1,0,1,1,0,1,0,0,1,1,0,1,0,0,1,0,0,0,0,1,1,1
1034,user1034,college108,0,1,1,0,1,1,0,0,0,0,0,0,1,1,1,1,1,0,0,1,1,0,0,1,1,0,0,0,1,0,0,0,1,0,1,1,1,1,0,0,0,1,0,0,0,1,1,1,1,0,0,1,0,1,0,0,1,1,0,1,1,0,1,0,0,1,0,1,1,1,1,1,0,0,0,1,1,0,1,1,1,1,0,1,0,0,0,1,0,1,1,1,1,0,0,0,0,0,0,0,1,1,1,1,1,0,1,0,0,1,0,1,1,1,0,1,1,1,1,0,0,0,1,1,1,0,1,1,1,0,0,0,0,1,1,1,0,0,0,1,1,1,0,0,1,0,1,1,1,0,0,1,0,0,0,1,1,1,1,1,1,0,1,0,0,0,1,1,0,1,1,0,1,0,1,0,1,1,1,1,0,0,1,0,0,0,0,0,1,1,1,1,0,1,1,0,1,0,0,1,1,1,1,0,0,1,1,0,0,0,1,1,1,1,1,1,0,1,1,0,0,1,1,0,0,1,1,1,0,0,0,0,1,1,1,0,0,1,0,0,0,0,0,1,1,1,1,0,0,0,1,0,0,1,1,1,0
1035,user1035,college108,0,1,1,1,1,0,0,1,1,0,0,0,1,0,1,1,0,0,1,0,0,0,0,1,1,1,1,0,0,1,0,1,0,0,1,1,1,1,1,1,1,0,0,0,0,1,1,1,1,1,1,0,1,0,0,0,1,1,1,0,1,1,0,0,0,0,0,1,1,1,1,1,0,0,0,0,0,0,1,0,1,0,0,0,0,0,0,0,0,1,1,1,0,1,1,1,0,1,0,1,1,1,1,0,0,1,0,0,0,0,0,1,1,1,0,0,1,1,0,0,0,0,1,1,0,0,0,0,0,1,1,1,0,1,1,0,1,1,1,0,1,0,0,1,1,1,1,0,1,0,0,0,0,0,0,1,1,1,1,1,0,1,1,0,0,0,1,1,1,1,0,0,1,1,0,0,1,1,1,0,0,0,0,0,0,1,1,0,1,0,0,1,0,0,1,1,1,0,0,1,1,1,1,1,1,0,1,1,0,0,1,0,1,1,1,1,0,0,1,0,0,1,0,1,1,0,0,0,0,0,0,0,1,1,0,1,1,0,0,0,0,0,0,1,1,0,0,1,1,0,1,1,0,0,1,1,1
1036,user1036,college108,0,1,0,1,1,0,1,1,0,0,0,0,1,1,1,1,0,0,0,0,0,0,0,1,0,1,1,1,0,0,1,0,0,0,1,1,0,1,1,1,1,1,0,1,0,1,1,1,1,0,0,1,1,0,0,0,1,0,1,1,0,0,0,0,0,0,0,1,1,1,1,0,1,1,0,0,0,0,1,1,1,0,0,0,0,0,1,0,0,1,1,1,0,1,1,1,0,0,0,0,1,1,1,0,0,0,0,0,0,0,0,1,1,1,0,0,0,1,0,0,0,0,1,0,1,1,0,1,1,0,0,0,0,1,1,1,1,1,0,0,1,0,0,0,1,1,1,1,1,0,1,1,0,0,0,1,1,1,1,1,0,0,1,1,1,0,1,0,0,0,1,0,0,1,0,1,0,1,1,1,0,0,0,1,1,0,0,0,1,1,1,1,0,0,0,0,0,0,0,1,1,1,1,1,0,1,0,0,0,0,1,1,1,0,1,1,1,1,0,0,0,1,1,1,1,0,1,1,1,0,0,0,1,1,1,0,0,0,1,1,1,0,0,1,1,1,0,1,1,0,1,0,1,0,1,1,1
1037,user1037,college109,0,1,1,1,1,1,1,0,0,1,0,0,1,1,1,0,1,0,0,0,0,0,0,1,1,0,1,1,1,0,1,1,1,0,1,1,0,0,0,0,1,0,0,1,0,1,0,1,1,0,1,0,0,1,0,0,1,1,0,1,1,1,0,0,0,0,0,1,1,1,1,1,1,0,1,0,0,0,1,1,1,1,1,1,1,1,0,0,0,1,0,0,1,0,0,1,1,0,0,0,1,1,1,1,0,1,1,0,0,0,0,1,1,1,1,0,0,0,1,0,0,0,1,1,0,1,0,0,0,0,1,1,0,1,1,1,1,1,1,0,0,1,0,0,1,1,1,1,0,1,1,1,0,1,0,1,1,0,0,1,0,0,0,0,0,0,1,0,1,1,1,1,0,0,0,0,0,1,1,1,0,0,1,0,0,0,0,0,1,1,0,0,1,0,1,0,0,1,0,1,1,0,1,0,1,0,1,0,0,0,1,1,1,0,1,1,0,0,0,0,0,1,1,0,0,0,0,1,0,0,0,0,1,1,1,0,0,1,0,0,1,0,0,1,1,1,0,1,0,0,0,0,0,0,1,0,0
1038,user1038,college109,0,1,1,1,0,1,1,0,0,0,0,0,1,1,1,0,0,0,0,0,0,1,0,1,0,1,0,0,0,1,0,0,0,0,1,0,1,0,1,1,1,1,0,0,0,1,1,0,1,1,0,1,0,1,1,0,1,1,1,1,0,0,1,0,0,0,0,1,1,1,1,1,1,1,1,1,0,0,1,0,1,1,1,0,0,0,0,0,0,1,1,0,0,1,1,0,0,0,0,0,1,1,1,1,0,1,1,0,0,0,0,1,0,0,1,0,0,1,1,1,1,0,1,1,1,1,0,1,1,1,1,1,0,1,1,1,1,1,0,1,1,0,1,0,1,1,1,1,0,1,1,0,0,0,0,1,1,1,0,0,0,1,0,0,1,0,1,1,1,0,0,0,0,0,0,0,0,1,0,1,1,1,0,0,0,1,1,0,1,1,0,1,1,0,0,0,0,0,0,1,1,1,0,1,1,0,0,0,1,0,1,1,1,1,1,1,0,1,0,0,0,1,0,0,0,1,1,0,0,0,0,0,1,1,0,0,0,0,0,1,0,0,0,1,1,1,0,1,0,0,0,0,0,0,1,1,1
1039,user1039,college109,0,1,1,1,1,0,1,1,1,0,0,0,1,1,1,1,1,0,0,0,1,0,0,1,1,1,1,0,0,0,0,1,0,0,1,1,1,0,1,0,1,0,0,0,0,1,1,1,1,1,1,0,1,0,0,0,1,1,1,0,1,0,1,1,1,0,0,1,1,1,1,1,0,1,1,1,0,0,1,1,0,1,1,0,0,1,0,0,0,1,1,0,0,1,0,0,0,0,0,0,1,1,1,1,1,1,0,0,1,0,0,1,1,1,1,1,1,1,0,0,0,0,1,1,0,0,1,1,0,0,0,0,0,1,1,0,0,0,0,0,0,0,0,0,1,1,1,1,0,0,1,0,0,1,0,1,1,0,0,1,0,1,1,0,0,0,1,1,0,1,1,0,0,0,1,1,0,1,1,0,0,0,0,0,0,0,0,0,1,1,0,1,0,0,1,0,1,1,0,1,1,1,0,1,0,0,0,1,0,0,1,1,1,1,1,1,1,0,0,1,0,1,1,0,1,0,0,0,0,0,0,1,1,1,1,0,1,0,0,1,0,1,0,1,0,1,1,1,1,0,0,0,0,0,1,1,1
1040,user1040,college109,0,1,1,1,1,0,0,0,0,0,0,0,1,1,1,1,0,0,1,0,0,1,0,1,1,1,1,0,1,0,0,1,0,0,1,1,0,1,0,0,1,1,1,0,0,1,0,1,0,1,1,0,0,1,0,0,1,1,0,0,0,1,1,0,0,0,0,1,1,1,1,1,1,0,1,0,0,0,1,1,0,1,0,1,0,0,0,0,0,1,1,1,1,1,0,1,1,0,0,0,1,1,0,1,1,0,0,1,1,0,0,1,1,0,1,0,0,1,0,0,0,0,1,1,0,1,0,0,1,0,1,0,0,1,1,1,1,0,0,1,0,1,0,0,1,1,1,0,1,0,0,0,0,0,0,1,1,0,1,1,0,1,1,0,1,0,1,0,0,1,0,1,1,0,0,1,0,1,0,0,1,0,0,0,0,0,0,0,1,1,1,0,0,0,1,1,0,0,0,1,1,1,1,0,1,1,0,1,0,0,1,1,1,1,0,0,1,1,0,0,0,1,1,1,1,1,0,0,0,1,0,0,1,1,1,0,0,1,0,1,1,0,0,1,1,1,0,0,1,1,1,0,0,0,1,1,1
1041,user1041,college109,0,1,1,1,1,0,1,1,0,0,0,0,1,1,1,1,0,0,0,0,0,0,0,1,1,1,1,1,1,1,1,0,0,0,1,1,1,1,0,1,0,0,0,0,0,1,1,1,0,1,1,1,1,1,0,0,1,1,1,1,0,1,1,1,1,0,0,1,1,0,1,0,1,0,1,1,0,0,1,1,0,0,1,0,1,1,0,0,0,1,1,0,1,0,1,1,0,0,0,0,1,1,1,1,1,1,1,1,0,0,0,1,1,1,1,0,1,0,0,0,0,0,1,1,1,1,0,0,1,0,0,0,0,1,1,1,1,0,1,0,0,0,0,0,1,1,1,1,1,0,0,0,0,0,0,1,0,1,1,1,0,0,0,1,0,0,1,1,1,1,1,0,0,1,0,0,0,1,1,1,0,1,1,1,0,0,0,0,1,1,1,0,1,1,0,1,1,0,0,1,1,1,1,0,0,0,0,1,0,0,1,1,1,1,0,0,0,1,0,1,0,1,1,1,0,1,1,1,1,0,0,0,1,1,1,0,0,0,1,0,1,0,0,1,1,1,0,0,0,1,0,0,0,0,1,0,1
1042,user1042,college109,0,1,1,1,0,0,1,0,0,0,0,0,1,0,1,0,0,0,0,0,1,0,0,1,1,1,0,1,1,0,1,1,0,0,1,0,1,0,1,1,0,0,0,0,0,1,1,1,1,1,1,0,1,0,1,0,1,1,1,1,0,1,0,1,0,0,0,1,1,0,1,1,1,1,0,1,0,0,1,1,1,0,0,1,0,0,0,0,0,1,0,1,1,1,0,1,0,0,1,0,1,1,0,1,0,0,1,1,0,0,0,1,1,1,1,0,1,0,0,0,0,0,1,1,1,0,0,0,1,0,0,0,0,1,1,1,0,1,1,0,0,1,0,0,1,1,1,1,1,0,0,1,0,1,0,1,1,1,0,0,0,1,0,0,1,0,1,1,1,0,0,1,0,0,1,0,0,1,1,1,1,1,1,0,0,0,1,0,1,1,1,1,0,1,0,1,1,0,0,1,1,1,1,0,0,1,0,1,0,0,1,1,0,1,0,0,1,0,0,0,0,1,1,1,0,1,1,0,1,0,0,0,1,1,0,1,1,1,0,1,0,0,0,1,1,1,0,1,0,0,1,0,0,0,1,0,1
1043,user1043,college109,0,1,1,0,1,0,0,1,0,0,0,0,1,1,1,0,1,1,1,1,1,0,0,1,1,0,1,0,1,0,0,0,0,1,1,1,1,1,1,1,0,0,0,0,0,1,1,0,1,0,1,1,1,1,1,0,1,1,1,0,0,1,1,0,0,0,0,1,0,1,1,0,0,1,1,0,0,0,1,1,1,1,1,1,0,0,0,0,0,1,1,1,1,0,0,0,1,0,0,0,1,1,0,0,1,1,1,1,1,0,0,1,1,1,1,1,1,0,0,0,1,0,1,1,0,1,0,0,1,0,0,0,0,1,1,1,1,1,0,0,0,0,1,0,1,1,0,1,1,0,1,0,1,0,0,1,1,1,1,1,1,0,1,0,0,0,1,0,1,0,1,1,1,0,0,0,1,1,1,1,1,0,0,1,1,0,0,0,1,1,1,0,0,0,1,0,0,0,0,1,1,0,0,0,0,1,1,0,0,0,1,1,1,1,1,0,1,0,0,0,0,1,1,1,1,0,0,0,1,0,0,0,1,0,1,1,1,1,0,0,0,0,0,1,1,1,0,1,1,0,0,0,0,0,1,1,1
1044,user1044,college109,0,1,0,1,0,1,0,1,0,0,0,0,1,0,1,0,1,0,1,0,0,0,0,1,0,1,1,0,0,0,0,0,0,0,1,1,1,1,0,0,1,1,1,0,0,1,1,1,0,1,0,0,0,0,1,0,1,1,1,1,0,1,1,0,0,0,0,1,1,1,0,0,0,1,1,0,0,0,1,1,1,1,1,0,1,0,1,0,0,1,1,0,1,1,1,1,0,0,0,1,1,1,1,1,1,1,1,1,0,0,0,1,1,1,1,1,1,0,0,0,1,0,1,1,1,1,1,0,0,0,0,0,0,1,1,1,1,1,0,0,1,1,0,0,1,1,1,1,1,0,0,0,0,0,0,1,1,0,0,1,1,0,0,0,0,0,1,1,0,1,0,1,0,0,1,1,0,1,1,1,0,1,0,0,0,1,0,0,1,1,1,1,0,0,0,1,0,0,0,1,0,1,1,1,0,1,1,1,1,0,1,1,0,1,0,1,0,1,1,1,0,1,1,1,0,1,0,1,0,0,0,0,1,0,0,1,0,0,0,0,0,0,0,1,1,0,1,1,0,1,1,0,1,0,1,1,1
1045,user1045,college109,0,1,0,1,0,0,0,0,0,0,0,0,1,1,0,1,1,0,0,1,0,0,0,1,1,1,1,0,0,0,1,0,0,0,1,1,0,1,0,1,1,1,0,1,0,1,0,1,1,0,1,0,0,1,1,0,1,1,0,0,0,0,0,0,0,0,0,1,1,0,1,0,0,0,0,0,0,0,1,0,1,1,0,1,0,1,0,0,0,1,0,1,1,1,0,1,0,1,0,0,1,1,1,1,1,0,1,0,0,1,0,1,1,1,1,1,0,1,1,1,0,0,1,1,1,1,1,1,0,1,0,1,0,1,0,0,1,1,1,1,0,0,0,0,1,0,1,0,1,1,1,1,1,1,0,1,1,1,1,1,0,0,0,0,0,0,1,1,1,0,0,0,0,1,0,0,0,1,1,1,1,0,1,0,0,0,0,0,1,0,1,0,1,1,1,0,1,0,0,1,1,1,1,0,1,0,0,0,1,0,1,1,0,0,1,0,1,0,0,1,0,1,0,1,0,1,1,1,0,0,0,0,1,1,1,1,1,0,0,1,1,0,0,1,1,0,0,1,0,0,0,1,0,0,1,1,1
1046,user1046,college110,0,1,1,1,1,0,0,1,0,0,0,0,1,1,0,0,1,1,1,0,0,1,0,1,1,0,1,0,1,0,0,0,1,0,1,1,1,1,1,1,1,1,0,0,0,1,1,1,0,0,1,1,0,0,1,0,1,1,1,0,0,0,1,1,0,0,0,1,0,1,0,1,0,0,1,0,1,0,1,1,0,0,0,0,1,1,1,1,0,1,1,0,1,0,0,0,1,0,0,0,1,1,1,0,0,1,0,0,0,0,0,1,1,1,1,1,0,0,0,0,0,0,1,0,0,0,1,0,1,1,0,0,0,1,1,1,1,0,1,1,0,0,1,0,1,1,1,1,0,1,0,0,1,0,0,1,1,0,0,0,1,1,0,1,0,0,1,1,1,0,1,0,0,0,0,0,0,1,0,1,1,1,0,0,1,1,0,0,1,1,1,0,1,1,0,1,1,0,0,1,1,1,1,1,1,0,0,0,0,0,1,1,1,1,0,1,1,0,0,0,0,1,1,1,1,1,1,1,0,0,1,0,1,1,1,0,0,1,1,0,0,0,0,1,1,1,1,0,0,1,0,0,0,0,1,0,1
1047,user1047,college110,0,1,1,1,1,0,1,1,0,0,0,0,1,1,1,1,0,0,1,1,1,0,0,1,1,1,1,1,0,0,1,0,0,0,1,1,1,1,1,0,0,1,1,0,0,1,1,1,1,0,1,0,1,0,0,0,1,1,1,1,0,1,0,0,0,0,0,1,1,1,0,0,1,1,0,0,0,0,1,1,1,0,0,0,0,1,1,0,0,1,1,1,1,1,1,0,0,0,1,0,1,1,0,0,1,0,1,0,0,0,0,1,1,1,0,1,1,0,0,0,0,0,1,1,1,1,0,1,1,0,0,0,0,1,0,1,1,0,1,1,0,0,1,0,1,1,1,1,0,0,1,0,0,0,0,1,1,0,1,1,0,1,1,0,0,0,1,1,1,1,1,0,0,1,0,0,0,1,1,1,1,1,1,0,0,0,0,0,1,1,1,0,0,0,1,0,0,0,1,1,1,1,0,1,0,0,1,0,0,0,1,1,0,1,1,0,1,0,0,0,0,1,1,1,1,1,1,1,0,0,0,0,1,1,1,1,1,0,0,0,0,0,0,1,1,0,1,0,1,0,0,0,0,0,1,1,1
1048,user1048,college110,0,1,0,0,1,1,1,1,0,0,0,0,1,1,1,1,1,0,0,1,0,0,0,1,1,1,1,1,1,0,0,1,1,0,1,1,1,0,1,1,1,0,0,0,0,1,1,1,1,0,1,0,1,1,1,0,1,1,1,0,1,0,1,1,1,0,0,1,1,1,0,1,1,0,0,0,0,0,1,1,1,1,1,0,1,1,1,0,0,1,1,1,0,1,1,0,1,0,0,0,1,1,1,0,1,1,1,0,0,1,0,1,1,1,1,1,0,0,1,0,0,0,1,1,0,1,1,0,1,1,0,1,0,1,1,0,1,0,0,0,0,1,0,0,1,1,1,1,0,0,0,0,0,0,0,1,0,0,0,0,1,0,0,1,0,0,1,1,1,1,1,0,1,0,1,0,0,1,1,1,1,1,0,1,0,0,0,0,1,1,1,1,1,1,0,0,1,0,0,1,1,1,0,1,0,0,0,1,0,1,1,1,0,1,0,1,1,0,0,0,0,1,1,1,1,1,1,1,0,0,0,0,1,1,0,0,1,0,0,0,0,0,1,1,1,1,1,0,1,0,0,0,0,0,1,1,1
1049,user1049,college110,0,1,1,1,1,1,1,1,1,1,0,0,1,1,1,1,0,1,0,1,0,0,0,1,0,0,0,0,0,0,1,0,0,0,1,1,0,1,1,0,0,1,0,0,0,1,0,1,1,0,0,0,1,1,1,0,1,0,1,0,1,1,1,1,1,0,0,1,0,1,1,1,1,1,0,1,0,0,1,1,1,0,1,0,1,1,0,0,0,1,1,1,1,1,0,0,0,1,0,0,1,0,0,1,0,0,0,1,1,0,0,1,1,1,1,0,1,1,0,0,0,0,1,1,1,1,0,1,1,1,1,0,0,1,1,1,0,1,0,0,0,0,0,0,1,0,1,1,1,1,1,1,1,0,1,1,0,0,1,0,1,1,0,0,0,0,1,1,0,0,0,1,1,0,1,0,0,1,1,1,1,1,1,1,1,1,1,0,1,1,1,0,0,0,1,0,0,0,0,1,1,1,1,1,1,1,0,0,0,0,1,1,0,0,0,0,1,1,0,0,0,1,1,1,1,1,0,0,0,0,0,0,1,1,1,1,1,1,0,0,0,0,0,1,1,0,1,1,0,0,0,0,0,0,1,1,0
1050,user1050,college110,0,1,0,0,0,1,1,1,0,0,0,0,1,1,1,1,1,0,1,0,0,0,0,1,1,0,0,1,1,0,0,0,0,0,1,1,1,1,0,1,0,1,0,0,0,1,1,1,1,1,0,0,0,0,0,0,1,1,1,1,0,1,1,1,0,0,0,1,1,1,1,0,0,1,1,0,0,1,1,1,1,1,1,0,1,1,0,0,0,1,0,1,1,1,1,1,0,0,0,0,1,1,1,1,0,0,0,1,1,0,0,1,1,1,0,1,0,0,0,0,1,0,1,0,1,1,1,0,0,0,0,0,0,1,1,1,1,0,0,1,1,0,0,0,1,1,1,1,0,1,1,0,0,0,0,1,1,0,1,1,0,1,0,0,0,0,1,1,1,0,0,0,0,1,0,0,0,1,1,1,0,1,0,0,0,0,1,0,1,1,1,1,0,1,1,0,1,0,0,1,0,1,1,1,1,1,1,1,0,0,1,1,1,1,1,0,0,0,1,0,0,1,1,1,1,1,0,0,0,1,0,0,1,1,0,0,0,1,1,1,0,0,0,1,1,1,0,0,1,0,0,0,0,0,1,1,1
1051,user1051,college110,0,1,1,1,1,1,0,0,0,0,1,1,1,1,0,0,1,0,1,1,0,0,0,1,1,0,0,1,0,0,0,0,0,0,1,0,0,0,0,0,0,1,1,0,0,1,1,1,1,0,1,0,0,1,0,0,1,1,0,0,1,1,0,1,0,0,0,1,1,1,1,1,1,0,0,0,0,0,1,1,0,0,0,1,0,0,0,1,0,1,1,1,0,1,0,1,0,1,0,0,1,1,1,1,1,1,0,0,0,0,0,1,1,1,1,1,1,1,0,0,0,0,1,1,0,1,1,0,1,0,1,0,0,1,0,0,1,0,0,1,0,0,0,0,1,1,1,1,1,1,0,1,0,0,0,1,1,1,0,1,1,0,0,0,0,0,1,1,0,1,1,0,1,1,0,0,0,1,1,1,1,1,1,1,0,0,0,0,1,0,0,0,1,0,0,0,0,0,0,1,1,1,0,0,1,1,1,0,0,0,1,1,0,1,0,0,0,0,1,0,0,1,1,1,0,1,0,0,0,0,1,0,1,1,1,1,0,0,1,1,0,0,0,1,1,1,1,0,1,0,0,0,0,0,1,1,0
1052,user1052,college110,0,1,1,1,0,0,0,0,0,0,0,0,1,1,0,1,0,1,0,1,1,0,0,1,1,1,1,0,1,0,0,1,0,0,1,1,1,1,0,0,0,1,0,0,0,1,1,1,0,1,1,1,0,1,0,0,1,1,1,0,1,1,0,0,0,0,0,1,0,1,1,1,0,0,0,0,0,0,1,1,0,1,0,0,1,0,0,0,0,1,1,0,0,1,0,0,1,1,0,0,1,1,1,0,1,1,1,0,1,0,0,1,1,1,0,1,0,0,0,0,1,0,1,0,0,0,1,1,0,0,1,0,0,1,1,1,1,1,0,0,1,1,0,0,1,1,1,1,1,0,1,0,0,0,0,1,0,0,0,0,0,1,0,0,0,0,1,1,1,0,1,1,0,0,0,1,0,1,1,1,1,0,0,1,1,1,0,0,1,1,1,1,1,1,0,1,0,1,0,1,1,1,1,1,1,0,0,1,0,0,1,1,1,0,0,0,0,1,1,0,0,1,1,1,1,0,1,0,0,1,0,0,1,1,0,1,1,1,1,0,1,1,0,1,1,0,1,0,1,1,1,0,0,0,1,1,1
1053,user1053,college110,0,1,1,1,1,1,0,0,0,1,1,0,1,1,1,1,1,0,0,1,0,1,0,1,0,1,1,0,1,1,0,0,0,0,1,1,0,1,0,0,0,1,0,0,0,1,1,1,1,1,1,0,1,0,1,0,1,1,1,1,0,0,1,1,1,0,0,1,1,1,1,1,0,1,0,0,0,0,1,1,1,0,1,1,0,0,0,0,0,1,0,1,1,1,0,1,0,0,1,0,1,1,0,1,0,0,1,0,0,0,0,1,1,1,1,0,0,0,0,0,0,0,1,1,0,1,0,0,1,0,1,0,0,1,1,1,0,0,0,1,1,1,0,0,1,0,1,1,1,1,0,0,0,0,0,1,1,1,0,0,1,0,0,1,1,0,1,1,0,0,0,0,1,1,0,0,0,1,1,1,1,1,0,0,1,0,0,0,1,1,1,0,1,0,0,0,0,0,0,1,0,1,0,1,1,0,1,1,0,0,1,1,1,1,1,0,0,0,1,0,0,1,0,1,0,1,0,1,1,0,0,0,1,0,1,1,0,1,1,1,0,0,0,1,1,1,1,0,1,0,0,0,0,0,1,0,1
1054,user1054,college110,0,1,1,1,1,0,1,1,0,0,0,0,1,1,1,0,1,1,1,0,0,0,0,1,0,1,1,0,1,0,1,1,0,0,1,1,0,1,0,1,0,0,0,1,0,1,1,1,0,1,0,1,1,1,0,0,1,1,0,1,1,0,0,1,0,0,0,1,1,1,1,0,1,0,1,1,0,0,1,1,1,1,0,0,1,0,0,0,0,1,1,1,0,0,0,0,1,0,0,0,1,1,1,1,0,1,0,1,0,0,0,1,0,1,0,1,0,0,1,0,0,0,1,1,1,1,1,0,1,0,0,0,0,1,1,1,1,0,0,1,0,0,0,0,1,1,1,0,0,0,0,1,1,0,0,1,1,1,1,0,1,0,0,0,0,0,1,1,1,1,0,1,1,0,0,0,0,1,1,1,0,0,0,0,1,0,0,0,1,1,1,0,1,1,0,0,0,1,0,1,1,0,1,1,1,0,1,0,1,0,1,0,1,0,1,0,1,0,0,0,0,1,0,0,0,0,0,1,0,0,1,0,1,1,1,0,1,0,1,0,0,0,0,1,1,1,0,1,1,0,1,1,0,0,1,1,0
1055,user1055,college110,0,1,1,1,0,1,0,0,0,0,0,0,1,1,1,1,0,1,0,1,0,0,0,1,1,1,1,1,1,1,0,1,0,0,1,1,1,0,0,0,0,0,1,0,0,1,1,1,1,1,0,0,0,1,0,0,1,1,1,0,1,1,0,0,0,0,0,1,1,0,1,1,1,1,0,0,0,0,1,1,1,1,0,1,1,0,0,1,0,1,1,1,1,0,1,1,1,0,0,0,1,1,0,0,0,1,1,1,0,0,0,1,1,1,1,1,0,0,1,0,0,0,1,1,1,1,1,0,1,0,1,1,1,1,1,0,1,1,1,0,0,0,0,1,1,1,0,1,1,1,1,1,0,0,0,1,1,1,1,1,1,0,1,0,1,0,1,0,1,1,1,0,1,1,0,0,0,1,1,0,0,0,0,0,1,0,0,0,1,1,1,0,0,1,0,1,1,0,0,1,1,1,1,0,1,1,1,0,1,0,1,0,1,0,1,0,0,0,1,0,0,1,1,1,1,1,0,0,0,0,0,0,1,1,1,1,1,1,1,0,1,0,0,1,1,0,1,1,1,1,0,0,0,0,1,1,1
1056,user1056,college115,0,1,1,1,0,1,1,1,0,0,0,0,1,1,1,1,1,1,1,1,1,1,0,1,0,1,0,1,0,1,0,0,0,0,1,1,1,0,0,0,0,0,0,0,0,1,1,1,0,0,0,0,0,0,1,0,1,1,0,0,1,1,0,0,0,0,0,1,1,1,0,0,0,0,0,1,0,0,1,1,1,1,0,1,0,1,0,1,0,1,1,0,0,0,1,0,1,0,0,0,1,1,0,0,1,0,1,0,0,0,0,1,1,1,1,1,1,0,0,0,0,0,1,1,0,1,0,1,0,0,0,0,0,1,1,1,1,0,0,1,0,0,0,0,1,1,1,1,0,0,0,0,0,1,0,1,1,1,0,0,1,0,1,0,0,0,1,0,1,1,0,0,1,1,0,1,0,1,0,0,0,1,0,0,0,0,0,0,1,1,0,0,1,0,0,1,1,0,0,1,1,1,1,0,1,1,0,0,0,0,1,1,1,1,0,0,1,1,0,0,0,1,0,1,1,0,0,0,0,0,0,0,1,1,1,1,1,0,1,0,0,0,0,1,1,0,1,1,0,1,0,1,1,0,1,0,1
1057,user1057,college115,0,1,1,1,0,0,0,1,0,0,0,1,1,1,1,0,1,1,1,0,1,1,0,1,0,0,1,1,1,1,0,1,0,0,1,0,1,1,1,0,0,0,1,1,0,1,1,1,1,1,0,0,1,0,0,0,1,0,0,1,0,1,0,1,0,0,0,1,1,1,0,0,1,0,1,1,1,0,1,1,1,1,1,0,1,1,0,0,0,1,1,0,1,0,1,0,0,1,0,0,1,0,1,1,0,0,1,0,0,0,0,1,0,0,1,1,1,0,1,0,0,0,1,1,1,0,1,1,0,0,0,0,0,1,1,0,0,1,1,0,1,0,0,0,1,1,1,1,0,1,0,0,0,0,0,1,1,0,0,1,0,1,0,0,0,0,1,1,1,1,0,0,0,1,0,0,0,1,1,1,0,1,0,1,0,0,0,0,1,1,1,1,0,0,0,1,1,0,0,1,1,0,1,1,0,0,0,0,0,0,1,1,0,1,1,1,0,0,0,0,0,1,1,1,0,0,0,1,0,0,1,0,1,1,0,1,0,1,0,1,0,0,0,1,1,1,1,0,0,0,0,1,0,0,1,1,1
1058,user1058,college115,0,1,1,1,1,0,1,0,1,0,0,0,1,1,1,1,0,1,0,0,1,0,0,1,0,1,1,0,1,0,0,0,0,0,1,0,1,0,0,1,1,1,0,0,0,1,1,1,1,0,1,0,1,0,0,0,1,1,1,0,1,1,0,1,1,0,0,1,1,0,1,1,0,0,1,1,0,0,1,1,1,1,0,1,0,1,0,0,0,1,0,0,1,0,1,0,0,0,1,0,1,1,0,0,1,1,1,0,0,0,0,1,1,0,1,0,1,0,0,1,0,0,1,1,1,1,1,1,0,1,0,0,0,1,1,1,1,0,1,0,1,0,1,0,1,1,0,1,1,1,0,0,1,0,0,1,1,1,1,1,1,1,0,1,0,0,1,1,0,1,0,1,0,0,1,0,0,1,0,1,1,0,1,0,0,0,1,0,1,1,1,1,1,1,0,0,0,0,0,1,1,0,1,1,1,1,0,1,0,0,1,1,1,1,0,1,1,0,0,0,0,1,0,1,0,0,1,1,0,0,0,0,1,1,1,0,0,1,1,1,0,0,0,1,1,0,1,1,1,0,1,1,0,0,1,1,0
1059,user1059,college115,0,1,1,1,0,0,1,1,0,0,0,0,1,1,1,0,1,1,0,0,0,0,0,1,1,1,1,1,0,0,0,0,0,0,1,1,1,1,1,0,0,1,0,0,0,1,1,1,0,1,0,0,0,0,0,0,1,1,1,1,1,1,1,1,0,0,0,1,1,0,1,0,1,0,1,1,0,0,1,1,1,1,1,0,1,1,0,1,0,1,1,1,1,1,1,0,1,0,1,0,1,1,0,1,1,0,1,0,1,1,0,1,1,1,1,1,1,0,1,1,0,0,1,1,0,1,0,1,1,1,0,0,0,1,1,0,0,0,1,1,1,0,1,0,1,1,1,1,1,0,0,0,0,0,0,1,1,1,1,0,1,1,1,1,1,0,1,1,1,1,0,0,0,0,0,0,0,1,1,1,1,0,0,0,0,1,1,0,1,1,0,1,1,0,0,0,0,0,0,1,1,1,1,0,0,0,0,0,0,0,1,1,0,1,0,0,0,0,0,0,0,1,1,0,1,1,0,1,1,0,0,0,1,1,1,1,0,0,1,1,0,1,0,1,0,0,0,1,0,0,1,0,1,0,1,1,0
1060,user1060,college115,0,1,1,0,0,0,0,0,1,0,0,0,1,1,0,1,0,0,0,0,0,0,0,1,1,0,1,0,1,1,1,0,0,0,1,1,1,1,0,0,0,1,0,0,0,1,1,0,0,0,0,0,0,0,0,0,1,1,0,1,0,1,0,0,0,0,0,1,1,0,1,0,1,0,0,1,0,0,1,1,1,1,0,0,0,0,0,0,0,1,1,0,0,0,0,0,0,1,0,0,1,1,1,0,0,0,0,0,0,0,0,1,0,1,1,0,0,1,0,0,0,0,1,1,1,1,1,0,1,1,1,0,0,1,0,0,1,0,0,1,0,0,0,0,1,1,1,1,0,0,0,1,0,0,0,1,1,1,0,0,1,1,1,0,0,0,1,0,1,0,1,1,1,1,1,1,0,1,1,0,0,0,0,0,0,0,0,0,1,1,1,0,1,1,0,1,0,0,0,1,1,1,1,0,0,1,0,0,1,0,1,1,0,1,1,1,0,0,0,0,0,1,0,1,1,1,1,1,1,1,0,0,1,0,1,0,1,0,0,1,0,0,0,1,0,0,1,0,0,0,0,0,0,0,1,1,1
1061,user1061,college115,0,1,0,1,1,1,1,0,0,0,1,0,1,0,1,1,0,1,0,0,0,1,0,1,1,1,1,1,1,1,0,1,0,0,1,1,0,0,1,1,0,0,0,1,0,1,1,0,1,0,0,0,0,1,0,0,1,1,1,0,1,1,1,0,0,0,0,1,1,1,1,0,1,0,1,0,0,0,1,1,1,1,0,0,1,1,1,0,0,1,1,1,0,0,1,1,0,0,0,0,1,1,0,1,1,0,0,1,1,0,0,1,0,1,1,1,1,0,1,0,0,0,1,1,1,0,0,1,0,1,0,0,0,1,1,1,0,1,1,1,1,1,1,0,1,1,1,0,1,1,0,0,0,0,0,1,1,0,1,0,0,1,0,0,0,0,1,1,0,1,1,1,0,0,0,0,0,1,1,1,0,0,1,0,1,1,0,0,1,1,0,0,1,1,1,0,1,0,0,1,0,0,1,1,1,1,1,0,0,0,1,1,1,0,0,0,1,0,0,1,0,1,1,0,0,1,0,0,0,0,0,0,1,1,1,1,0,0,0,1,0,0,0,1,1,1,1,0,1,0,1,0,0,0,1,1,1
1062,user1062,college115,0,1,1,1,1,0,0,0,0,0,0,0,1,1,1,1,0,1,0,0,0,0,1,1,1,1,1,0,1,1,0,0,1,0,1,1,1,0,0,0,1,1,0,0,0,1,1,1,1,1,1,0,0,0,0,0,1,1,0,1,1,0,0,0,0,0,0,1,1,1,1,0,1,0,0,0,1,0,1,1,1,0,1,1,0,1,0,0,0,1,1,1,0,0,0,1,1,0,1,0,1,1,1,0,1,0,0,1,1,0,0,1,1,1,1,0,0,0,0,0,0,0,1,1,1,1,0,1,1,0,0,0,0,1,1,1,1,1,0,1,0,1,1,0,1,1,1,1,0,0,0,0,0,0,0,1,1,0,1,0,1,0,1,0,0,0,1,1,1,0,0,0,0,0,0,0,0,1,1,1,0,0,0,1,0,0,0,0,1,1,1,0,0,0,0,0,1,0,0,1,1,1,1,1,1,0,0,0,0,0,1,1,1,0,1,0,0,0,0,0,0,1,1,0,0,0,1,1,0,1,0,0,1,0,0,0,1,0,1,1,0,0,0,1,1,0,0,0,1,1,0,0,0,0,1,1,1
1063,user1063,college115,0,1,1,1,1,0,1,0,0,1,1,0,1,1,0,1,0,0,1,0,0,0,0,1,0,1,1,0,1,0,0,0,0,1,1,1,1,0,0,0,0,0,0,0,0,1,1,1,0,0,1,1,1,0,0,0,1,1,1,1,1,0,0,0,1,0,0,1,1,1,1,1,0,0,0,0,1,0,1,1,1,1,1,0,1,0,0,1,0,1,0,1,0,1,1,0,1,1,0,0,1,1,1,1,1,0,1,0,1,0,0,1,1,1,1,1,0,1,0,0,1,0,1,1,0,1,0,1,1,0,0,0,0,1,1,0,0,1,1,1,0,1,0,0,1,1,0,0,0,0,1,1,0,0,0,1,0,0,1,0,0,0,1,0,1,0,1,0,0,0,1,0,1,0,0,0,0,1,1,0,0,0,0,1,1,0,0,0,1,1,1,1,1,0,0,1,0,0,0,1,1,1,1,0,0,1,1,0,0,0,1,1,1,0,0,1,0,1,0,0,0,1,1,0,0,1,0,1,0,0,0,0,1,0,0,1,1,0,1,0,0,0,0,1,1,1,1,0,0,1,1,1,0,0,1,1,1
1064,user1064,college115,0,1,1,1,1,1,0,0,1,1,0,0,1,1,0,0,0,0,0,0,0,0,0,1,1,1,1,0,1,1,1,0,0,0,1,1,1,0,1,0,0,0,1,0,0,1,1,0,0,0,0,0,1,0,0,0,1,1,1,1,0,1,0,1,0,0,0,1,1,1,1,0,1,0,1,0,0,0,1,0,1,1,1,1,0,1,0,0,0,1,0,0,1,0,0,1,0,0,0,0,1,1,1,0,0,0,0,0,0,0,0,1,1,1,1,0,1,1,0,0,1,0,1,0,0,1,0,0,1,0,0,0,0,1,1,0,0,1,0,0,0,0,0,0,1,1,1,1,1,1,1,1,0,0,0,1,0,0,0,0,1,0,0,1,0,0,1,0,0,1,1,0,1,1,1,0,0,1,0,1,1,1,1,0,0,1,0,0,1,1,1,1,0,0,0,0,1,0,0,1,1,1,1,0,0,0,0,1,0,0,1,1,0,1,1,0,0,0,1,0,0,1,1,0,1,1,1,1,0,0,0,0,1,1,1,0,1,1,1,1,0,0,0,1,1,1,1,0,0,0,1,0,0,0,1,1,1
1065,user1065,college115,0,1,0,1,0,1,1,1,0,1,0,0,1,1,0,0,1,1,1,0,0,0,0,1,1,0,0,0,1,0,0,0,0,0,1,1,0,0,0,0,0,1,0,1,0,1,1,1,0,1,1,0,0,0,1,0,1,1,1,1,1,1,0,0,0,0,0,1,1,1,1,1,0,0,1,0,1,0,1,1,1,1,0,0,0,1,0,0,0,1,1,1,1,0,0,0,0,0,0,0,1,1,1,1,0,1,0,0,1,0,0,1,1,1,0,1,0,0,1,0,0,0,1,1,1,0,0,1,1,0,0,0,0,1,0,0,1,0,0,0,1,0,0,1,1,1,1,0,1,0,1,0,0,0,0,1,1,1,1,1,1,1,1,0,1,0,1,1,1,0,0,1,0,0,0,0,0,1,1,0,1,1,0,0,1,0,0,0,1,1,1,1,0,0,1,0,0,0,0,1,1,0,0,1,1,1,1,0,0,0,1,1,1,1,1,0,0,0,1,0,0,1,1,1,0,0,0,0,0,1,0,0,1,1,0,1,1,1,0,1,1,0,0,1,1,1,1,1,1,1,1,1,1,0,1,1,1
1066,user1066,college115,0,1,1,1,1,1,0,0,1,1,0,0,1,1,1,1,0,1,1,1,1,1,0,1,1,1,1,1,1,0,0,1,0,0,1,1,1,1,1,1,1,0,0,0,0,1,1,0,1,0,0,1,0,0,0,0,1,0,1,1,1,1,0,0,0,0,0,1,0,0,0,0,1,1,0,1,0,0,1,1,0,1,0,1,0,0,0,0,0,1,1,1,0,1,0,1,1,1,0,0,1,0,0,0,1,1,1,0,0,0,0,1,1,1,1,1,1,0,1,0,0,0,1,1,0,0,1,1,1,1,0,0,0,1,1,0,0,0,0,0,0,1,0,0,1,1,0,1,1,1,0,1,0,0,0,1,1,0,1,0,0,0,0,0,0,0,1,1,1,0,1,1,0,0,1,0,0,1,1,1,0,0,1,0,0,0,0,0,1,0,1,0,1,1,0,1,0,0,0,1,1,1,1,1,1,1,1,0,0,0,1,1,1,1,0,1,0,0,0,0,0,1,1,1,0,1,0,0,0,1,0,0,1,0,1,1,0,1,0,0,1,0,0,1,1,1,1,1,1,1,1,0,0,0,1,1,1
1067,user1067,college115,0,1,1,1,1,0,0,1,1,1,1,0,1,1,1,1,1,1,1,0,0,1,0,1,1,1,1,1,1,0,1,1,0,0,1,1,1,1,1,1,0,0,0,0,0,1,1,1,1,0,1,0,1,0,1,0,1,0,1,1,1,1,1,1,0,0,0,1,1,1,0,1,0,1,0,1,0,0,1,0,1,0,1,0,1,0,0,0,0,1,1,1,1,1,1,1,0,0,0,0,1,1,0,1,0,1,0,0,0,0,0,1,1,1,0,1,0,0,1,0,0,0,1,1,1,1,0,0,0,0,0,0,0,1,1,1,1,0,1,0,0,1,0,0,1,1,1,0,0,0,0,1,1,1,0,1,1,0,0,1,0,0,1,0,0,0,1,0,1,0,1,1,0,0,1,0,0,1,1,1,1,1,0,0,0,0,0,0,1,1,1,1,0,1,0,1,1,1,0,1,1,0,0,1,1,1,0,0,1,0,1,1,1,1,1,1,1,0,0,1,0,1,1,0,0,1,0,0,0,0,1,0,1,1,0,1,1,0,1,1,0,0,0,1,1,0,0,0,0,0,0,0,0,0,1,1,1
1068,user1068,college115,0,1,1,1,1,1,0,1,0,1,0,0,1,1,1,1,1,1,1,0,1,0,0,1,0,1,1,1,0,0,0,0,0,0,1,1,1,1,1,0,1,0,0,1,0,1,1,1,1,0,0,0,0,1,0,0,1,1,1,1,1,1,0,1,1,0,0,1,1,1,1,0,0,1,1,0,0,0,1,1,0,1,0,1,1,1,0,0,0,1,1,1,1,1,1,0,0,0,0,0,1,1,1,1,0,1,1,1,1,1,0,1,1,1,1,0,1,0,0,0,0,0,1,0,1,1,0,0,0,0,0,0,0,1,0,0,1,1,1,0,0,0,0,0,1,1,0,1,1,0,1,1,0,0,0,1,1,1,1,1,1,1,0,0,0,0,1,0,1,0,0,1,0,1,0,0,0,1,1,1,0,0,0,0,0,1,0,0,1,1,0,1,0,1,1,0,0,0,0,1,1,1,0,1,0,0,1,0,0,0,1,1,1,1,1,1,1,0,0,0,0,1,1,1,1,0,0,0,0,0,0,0,1,1,1,1,0,0,1,1,1,0,0,1,0,1,1,0,1,0,0,0,0,0,1,1,1
1069,user1069,college115,0,1,1,1,1,0,0,1,1,0,0,0,1,1,1,1,1,0,0,1,1,0,0,1,1,1,1,1,0,0,0,1,0,0,1,1,1,1,0,0,0,0,0,0,0,1,1,0,1,0,0,0,0,1,0,0,1,1,1,1,1,1,1,0,0,0,0,1,0,1,0,1,0,1,1,1,1,0,1,1,1,1,0,1,0,0,0,0,0,1,1,1,1,0,1,0,0,0,0,0,1,1,1,1,0,0,0,0,0,0,0,1,1,0,1,1,1,0,1,0,0,0,1,0,1,1,1,1,0,0,0,0,1,1,0,0,1,1,0,1,0,0,0,0,1,1,1,1,1,1,0,0,0,0,0,1,1,1,0,0,1,1,1,0,0,0,1,1,0,1,1,0,0,0,0,1,0,1,1,0,0,1,0,1,0,0,0,0,1,1,1,1,1,0,1,1,1,0,0,1,0,1,1,1,0,0,0,0,0,0,1,1,1,0,0,0,1,0,0,0,0,1,1,0,1,1,1,0,0,0,0,0,1,1,0,1,1,0,0,1,0,0,0,1,0,1,1,1,1,0,1,0,0,0,1,0,1
1070,user1070,college115,0,1,1,1,0,1,1,1,1,0,0,0,1,1,0,0,0,1,1,0,0,0,0,1,1,1,1,1,0,0,0,0,1,0,1,1,1,1,1,0,1,0,0,0,0,1,1,1,0,0,0,1,0,0,0,0,1,1,1,1,1,0,0,1,0,0,0,1,1,0,0,1,1,1,1,1,0,0,1,0,1,1,1,0,0,1,0,1,0,1,1,1,0,0,1,0,1,1,0,0,1,0,1,1,1,1,0,1,0,0,0,1,1,1,1,0,0,1,0,1,0,0,1,1,1,0,0,1,0,0,1,0,0,1,1,1,0,1,1,1,0,0,0,0,1,1,1,1,1,0,0,1,0,0,0,1,1,1,1,0,0,1,0,1,0,0,1,1,1,0,1,0,0,1,0,1,0,1,1,1,1,0,0,0,0,1,1,0,1,1,0,0,1,1,0,1,0,1,0,1,0,0,1,0,1,1,0,0,1,0,1,1,1,0,0,0,1,0,0,0,0,1,1,1,1,0,0,0,0,0,1,0,1,1,1,0,0,0,1,0,0,0,0,1,0,0,1,0,0,1,0,0,1,0,1,1,0
1071,user1071,college125,0,1,0,1,1,0,0,0,0,0,1,0,1,1,1,0,0,0,1,1,0,1,0,1,0,0,1,1,1,0,1,1,0,0,1,1,1,1,0,0,0,0,1,0,0,1,0,1,1,1,0,0,1,0,1,0,1,1,1,1,1,1,0,0,1,0,0,1,1,0,0,0,1,0,1,0,1,0,1,1,1,0,0,1,1,0,0,0,0,1,1,0,1,0,1,1,1,0,0,0,1,1,1,0,1,0,0,0,0,1,0,1,1,1,0,1,1,0,0,1,0,0,1,1,0,1,1,1,0,1,0,0,0,1,1,1,0,0,0,1,0,0,0,0,1,0,0,0,1,0,0,0,1,1,0,1,1,1,1,0,1,0,1,0,0,0,1,1,1,1,1,0,0,0,1,0,0,1,1,1,1,1,0,1,0,1,0,0,1,1,1,0,1,0,0,0,1,0,1,1,1,1,1,1,1,1,1,0,0,0,1,1,1,1,1,1,1,1,1,0,0,1,1,1,1,1,0,1,0,0,0,0,1,1,1,0,0,0,0,0,0,0,0,1,0,0,1,1,0,0,1,0,0,0,1,0,1
1072,user1072,college125,0,1,1,1,1,1,0,1,1,0,1,0,1,1,1,1,1,0,0,1,1,0,0,1,1,1,1,0,0,1,0,0,0,0,1,1,1,1,1,1,1,0,0,1,0,1,1,1,1,1,0,1,1,0,0,0,1,1,1,0,1,0,0,0,0,1,0,1,1,0,0,1,1,0,0,0,0,0,1,1,1,0,0,0,1,1,0,0,0,1,1,1,1,0,1,1,0,0,0,0,1,1,0,1,1,0,1,0,0,1,0,1,1,1,1,1,0,1,0,0,0,0,1,1,0,0,1,1,1,0,0,0,0,1,1,0,0,0,1,1,1,0,0,0,1,1,1,1,0,1,1,0,0,0,0,1,0,1,1,0,1,0,0,1,0,0,1,0,0,0,0,0,1,0,0,0,0,1,1,1,1,1,0,0,0,0,0,0,1,1,1,1,1,0,0,1,1,0,0,1,1,0,1,1,0,0,0,0,0,0,1,0,1,0,1,0,1,0,1,0,0,1,1,1,1,0,1,0,0,0,0,0,1,1,1,1,0,0,0,0,0,0,0,1,1,1,1,0,0,0,1,0,1,0,1,1,0
1073,user1073,college125,0,1,1,1,0,1,1,0,0,1,1,0,1,0,1,1,1,1,0,1,1,0,0,1,1,0,1,1,0,1,0,0,0,0,1,1,1,0,1,0,0,0,1,0,0,1,1,0,0,1,0,0,1,1,0,0,1,1,0,1,1,0,1,0,0,0,0,1,1,0,1,0,1,0,1,0,0,0,1,1,1,1,0,1,1,0,1,0,0,1,1,1,1,1,0,1,0,1,0,0,1,1,1,0,1,0,0,1,0,0,0,1,1,0,0,1,1,1,0,1,0,0,1,1,1,0,1,1,1,0,0,1,0,1,1,1,1,0,0,0,1,0,1,0,1,1,0,1,0,1,1,1,0,0,0,1,1,1,1,1,0,0,1,1,0,0,1,1,1,0,1,0,1,0,0,0,0,1,0,0,0,1,1,0,0,0,1,0,1,1,0,0,1,0,0,1,0,0,0,1,1,1,1,1,0,0,1,1,0,0,1,1,1,1,1,1,0,0,0,0,0,1,0,1,1,0,1,0,0,0,0,0,1,1,1,1,1,1,0,0,0,0,1,1,1,1,0,0,0,0,0,0,0,0,1,0,1
1074,user1074,college125,0,1,1,1,1,0,0,0,0,0,0,0,1,1,1,1,1,0,0,0,1,1,0,1,1,1,1,1,0,1,1,0,0,0,1,0,0,1,1,0,0,1,1,0,0,1,1,1,0,0,0,1,1,1,0,0,1,1,1,0,0,0,0,1,1,0,0,1,0,0,1,0,1,1,0,0,1,0,1,1,1,0,1,1,0,1,0,0,0,1,1,0,1,1,0,1,1,1,0,0,1,0,1,1,0,0,0,1,1,0,0,1,1,0,1,0,1,0,0,0,0,0,1,1,1,0,1,1,0,1,0,0,0,1,1,1,1,1,0,1,0,0,0,0,1,0,1,0,0,1,0,0,0,0,0,1,1,1,0,0,1,1,0,1,0,0,1,1,1,1,1,0,1,0,0,0,0,1,1,0,0,1,1,0,1,0,1,0,1,0,0,1,0,0,0,0,0,0,0,1,0,1,1,0,0,1,1,1,0,0,1,1,1,0,0,1,0,0,0,0,0,1,0,0,1,1,0,1,0,1,0,0,1,1,1,1,1,1,1,0,0,0,0,1,1,0,0,1,1,1,0,1,1,0,1,1,0
1075,user1075,college125,0,1,1,1,1,0,1,1,1,1,0,0,1,1,1,0,1,0,0,0,0,0,0,1,1,0,1,1,0,0,0,0,1,0,1,1,0,1,0,0,1,1,1,0,0,1,1,0,1,1,0,0,1,0,0,0,1,1,1,0,1,1,0,0,0,0,0,1,1,1,0,0,0,1,0,0,0,0,1,0,0,1,0,0,0,0,0,1,0,1,1,1,1,1,1,0,0,0,0,0,1,1,1,1,0,1,1,1,0,0,0,1,1,1,0,1,0,0,0,0,0,0,1,1,1,0,1,0,0,1,1,1,0,1,0,0,0,0,1,0,1,0,1,0,1,1,1,1,1,1,0,1,0,0,0,1,1,1,1,0,0,0,0,0,0,0,1,1,0,1,1,0,1,0,0,1,0,1,1,1,0,1,0,1,0,0,0,0,1,1,1,0,1,0,1,1,0,0,0,1,1,1,1,1,1,0,1,0,0,0,1,0,1,0,1,1,0,1,1,0,0,1,1,1,1,1,0,1,0,1,0,0,1,0,0,0,1,1,1,1,1,0,0,1,1,1,1,0,1,0,1,0,0,0,1,1,1
1076,user1076,college125,0,1,1,1,1,0,1,1,0,0,0,0,1,1,1,0,0,1,0,0,0,1,0,1,1,1,1,0,1,1,1,1,0,0,1,1,1,0,0,1,0,1,0,1,0,1,1,1,1,1,0,1,1,1,0,0,1,1,0,0,1,1,0,0,1,0,0,1,1,0,0,0,0,1,0,0,0,0,1,1,1,1,0,0,1,0,1,0,0,1,1,1,1,0,0,1,1,1,0,0,1,1,1,0,0,0,1,1,1,0,0,1,1,1,1,1,0,1,0,0,0,0,1,1,1,0,1,0,0,0,0,0,0,1,1,1,0,1,1,0,0,1,0,0,1,1,1,1,1,0,0,0,1,1,0,1,1,1,0,1,0,1,1,0,1,0,1,1,1,0,1,1,1,0,0,0,0,1,1,1,0,0,0,0,0,0,1,0,1,1,1,0,0,0,1,0,0,0,0,1,1,1,0,1,0,0,0,0,0,0,1,1,1,1,0,1,0,1,1,0,0,1,1,0,0,0,0,0,0,1,0,0,1,1,1,1,0,0,1,0,1,0,0,1,1,0,0,1,1,0,1,1,1,0,1,1,0
1077,user1077,college125,0,1,1,1,1,1,0,0,0,1,0,0,1,1,0,1,1,0,0,0,1,0,0,1,1,0,1,0,0,0,1,0,0,0,1,1,1,0,0,0,0,1,1,0,0,1,0,1,1,0,1,1,0,0,0,0,1,1,0,1,0,0,1,1,0,0,0,1,1,0,0,0,0,0,1,0,0,0,1,1,1,0,0,1,0,0,0,0,0,1,1,1,1,1,1,0,0,1,0,0,1,1,1,1,0,1,0,0,0,0,0,1,1,1,1,1,1,1,0,0,0,0,1,1,1,1,0,0,0,1,0,0,0,1,1,0,0,0,1,0,1,0,0,0,1,1,1,1,1,1,0,1,1,0,0,1,0,0,1,0,1,1,0,1,0,0,1,1,0,1,1,1,1,0,0,0,0,1,1,1,0,1,0,1,1,1,0,0,1,1,1,0,0,0,0,1,1,1,0,1,1,1,1,0,0,1,0,0,0,0,1,1,1,1,1,0,1,1,1,1,0,1,1,1,1,0,1,1,1,0,1,0,1,1,1,1,0,0,1,0,1,0,0,1,0,1,1,1,1,0,0,0,0,0,1,1,0
1078,user1078,college125,0,1,1,1,1,0,1,1,0,0,0,0,1,1,1,0,0,1,0,0,0,0,0,1,1,1,1,1,1,0,0,1,0,0,1,0,0,1,0,1,0,0,0,0,0,1,0,1,0,1,1,0,0,0,0,0,1,1,1,0,1,0,0,0,0,0,0,1,1,1,1,1,1,0,1,0,0,0,1,1,1,1,0,0,0,0,1,1,0,1,1,1,1,1,1,0,0,0,0,0,1,0,1,1,0,1,0,1,0,0,0,1,0,0,1,1,0,0,1,0,0,0,1,1,1,0,1,1,1,1,0,0,0,1,1,0,0,1,0,1,1,0,1,0,1,1,1,1,0,1,0,0,1,0,0,1,1,1,0,0,1,0,0,0,1,0,1,1,0,0,1,0,1,0,1,0,0,1,1,1,1,1,0,0,0,0,0,0,1,1,1,1,0,0,1,1,1,1,0,1,1,1,1,0,0,1,0,0,0,0,1,1,1,0,1,1,0,1,0,1,0,1,0,1,1,1,0,1,1,0,0,0,1,0,0,1,1,0,1,0,0,0,0,1,1,1,1,0,1,0,1,1,0,0,1,0,1
1079,user1079,college125,0,1,1,1,1,0,1,0,1,0,1,0,1,1,1,0,1,0,1,0,0,0,0,1,1,1,1,1,1,1,1,0,0,0,1,1,1,0,1,1,0,0,1,0,0,1,1,0,1,0,0,0,1,0,1,0,1,1,0,1,0,1,1,1,0,0,0,1,1,1,1,0,1,0,0,0,0,0,1,1,1,1,0,0,0,0,0,0,0,1,1,1,1,0,1,0,0,0,0,0,1,1,0,1,0,0,0,1,0,0,0,1,0,1,1,0,0,0,0,0,0,0,1,1,0,1,1,1,0,1,0,0,0,1,1,1,0,1,0,0,0,1,0,0,1,1,1,1,0,0,1,0,0,0,0,1,1,0,1,1,0,0,1,1,1,0,1,1,1,1,0,0,1,1,0,0,0,1,1,0,0,0,0,1,0,0,1,0,1,0,0,0,1,1,0,0,0,0,1,1,0,1,0,0,1,1,0,1,0,0,1,1,1,0,1,1,0,1,0,0,0,1,1,1,1,0,0,0,0,0,0,0,1,1,0,1,1,0,1,0,1,0,0,1,1,1,1,1,1,1,0,0,0,0,1,1,1
1080,user1080,college125,0,1,1,1,0,0,0,1,0,0,0,0,1,1,1,0,1,0,0,0,0,0,0,1,1,0,1,1,0,1,0,0,1,0,1,1,1,1,0,0,0,0,0,0,0,1,1,1,0,1,1,1,0,0,0,0,1,1,1,1,1,1,0,1,0,0,0,1,1,1,1,1,0,0,0,0,0,0,1,1,0,0,0,0,1,1,0,0,0,1,1,1,0,1,0,0,0,0,0,0,1,1,0,0,1,1,0,1,0,1,0,1,1,0,1,0,0,0,1,0,0,0,1,1,1,0,0,1,1,0,1,0,0,1,0,1,1,0,1,0,1,1,0,0,1,1,1,1,1,1,0,0,1,0,0,1,1,1,1,0,0,0,0,0,0,0,1,1,1,1,0,1,0,0,0,1,0,1,1,1,1,1,0,1,0,0,0,0,1,1,1,0,1,1,0,1,0,0,0,1,1,1,1,1,1,0,0,1,0,0,1,1,1,1,1,1,1,0,0,0,0,1,1,0,1,0,1,1,0,0,0,0,1,0,1,1,0,0,0,0,0,0,0,1,1,1,0,0,1,0,0,0,0,0,1,1,0
1081,user1081,college125,0,1,1,1,0,0,0,1,0,0,0,1,1,1,1,1,1,1,0,1,0,1,0,1,0,0,1,1,0,1,0,0,1,0,1,1,1,1,0,0,0,0,1,0,0,1,0,1,1,1,0,0,1,0,0,0,1,1,1,1,0,1,1,0,0,0,0,1,1,0,1,0,1,1,0,0,0,0,1,1,0,1,1,1,0,0,1,0,0,1,0,1,1,1,1,1,1,0,0,0,1,0,1,1,0,0,0,1,0,0,0,1,1,0,1,1,1,0,1,1,0,0,1,1,1,1,0,0,1,1,0,1,0,1,1,1,0,0,1,1,1,0,0,0,1,1,1,1,1,1,1,0,0,0,0,1,1,1,0,0,0,1,0,1,0,0,1,1,1,0,1,0,0,1,0,0,0,1,1,0,0,1,1,0,0,0,0,0,1,1,1,0,1,1,1,1,0,0,0,1,1,1,0,1,0,1,1,1,0,0,1,1,1,1,1,1,0,0,0,0,0,1,1,1,1,0,1,1,1,0,0,0,1,1,1,1,1,1,0,1,0,0,0,1,1,1,1,0,1,1,0,0,0,0,1,0,1
1082,user1082,college125,0,1,1,1,1,0,1,0,0,0,0,0,1,1,0,1,1,0,0,1,0,0,0,1,1,0,1,1,1,1,1,0,1,0,1,1,0,1,0,1,1,1,0,1,0,1,1,1,0,1,0,0,0,0,0,0,1,1,1,0,0,1,1,1,0,0,0,1,1,1,0,0,0,0,0,0,0,0,1,1,1,1,0,1,0,0,1,0,0,1,1,0,0,0,0,1,0,1,0,0,1,1,0,1,0,0,0,0,1,0,0,1,1,1,0,1,0,1,0,1,0,0,1,1,1,1,1,0,1,0,1,0,0,1,1,1,1,0,0,1,0,0,0,0,1,1,0,1,1,1,0,0,0,0,0,1,1,1,0,0,0,0,0,0,1,0,1,1,1,1,1,1,1,0,0,1,0,1,1,1,0,0,0,0,1,0,0,0,1,1,0,1,1,0,1,1,0,1,0,1,1,1,1,1,0,0,1,0,1,0,1,1,1,0,1,1,0,1,0,0,0,1,1,1,1,1,0,0,1,0,0,0,1,1,1,1,1,0,0,0,0,0,0,1,0,0,0,1,0,0,0,0,0,0,1,1,1
1083,user1083,college125,0,1,1,1,0,0,1,1,0,0,0,0,1,0,1,1,1,1,0,0,1,0,0,1,1,0,1,1,1,0,0,1,1,0,1,1,1,1,0,0,0,0,0,0,0,1,1,1,1,0,0,0,1,0,0,0,1,1,0,0,0,0,0,0,1,0,0,1,1,0,1,0,1,0,1,0,0,0,1,1,1,1,1,0,0,0,0,0,0,1,1,0,1,1,0,0,1,0,0,0,1,1,1,0,1,0,0,0,0,0,0,1,1,1,0,1,1,1,1,0,0,0,1,1,1,1,0,0,0,0,1,0,0,1,1,0,1,1,0,1,1,1,0,0,1,1,1,1,1,1,0,0,0,0,0,1,1,1,1,1,0,0,0,1,1,1,1,1,1,1,0,1,1,1,0,1,0,1,1,1,1,1,0,1,1,0,0,0,1,1,1,1,1,1,1,0,0,0,0,1,1,1,0,0,0,0,1,0,0,0,1,1,0,1,0,1,0,0,1,1,0,1,1,1,0,1,1,1,1,0,0,0,1,0,1,1,0,1,0,0,1,0,0,1,1,0,0,0,0,1,0,0,0,0,1,1,1
1084,user1084,college125,0,1,1,1,1,0,0,1,0,0,0,0,1,1,1,0,0,1,0,0,0,1,0,1,1,1,1,1,0,1,1,0,0,0,1,1,0,1,0,1,1,0,0,0,0,1,1,0,1,1,0,1,1,0,1,0,1,1,1,0,1,0,1,0,0,1,0,1,1,1,1,0,0,0,0,0,0,0,1,1,1,1,0,0,1,0,1,1,0,1,1,1,0,1,1,0,0,1,0,0,1,1,0,0,0,1,0,1,1,1,0,1,1,1,1,0,0,0,0,0,0,0,1,0,1,0,1,0,1,0,0,0,0,1,1,0,1,1,0,1,0,0,0,0,1,1,0,1,1,0,1,1,0,0,0,1,1,1,1,1,1,1,0,0,0,0,1,1,1,1,1,0,1,1,0,0,1,1,0,0,1,0,1,0,0,0,0,0,1,1,0,0,1,1,1,1,0,0,0,1,1,0,1,0,1,0,0,1,1,0,1,1,1,1,1,1,0,0,0,0,0,1,1,1,1,0,1,1,0,0,0,0,1,1,1,1,1,1,1,1,0,0,0,1,1,0,1,1,0,0,0,0,0,0,1,1,0
1085,user1085,college125,0,1,1,1,1,1,0,0,1,1,0,0,1,1,0,1,0,0,1,1,1,0,0,1,0,1,0,0,0,0,0,0,0,0,1,1,0,1,0,0,0,1,0,0,0,1,1,1,1,0,0,1,0,0,1,0,1,1,0,1,0,1,1,0,0,0,0,1,1,0,0,0,0,1,0,0,0,0,1,1,1,1,1,0,1,0,1,1,0,1,1,1,0,0,1,0,0,1,0,0,1,0,0,0,0,0,0,0,0,0,0,1,1,0,1,0,1,1,0,1,0,0,1,0,0,1,1,1,1,1,1,0,0,1,1,1,0,0,0,1,1,0,0,0,1,1,1,1,0,0,0,1,1,0,0,1,1,1,1,0,1,1,1,0,1,0,1,1,0,1,0,1,0,1,0,0,0,1,1,1,1,0,1,1,0,0,1,0,1,1,1,0,1,0,0,0,1,0,0,1,1,0,1,0,1,0,0,1,0,0,1,1,0,1,1,0,1,0,1,0,0,1,1,1,1,0,1,1,1,1,0,0,1,0,1,1,1,1,1,0,0,0,1,1,1,0,1,0,1,0,1,0,0,0,1,0,1
1086,user1086,college125,0,1,1,0,0,1,1,0,1,1,0,0,1,1,1,1,0,1,1,1,0,0,0,1,1,1,1,1,1,0,0,1,1,0,1,1,1,0,0,0,1,0,0,0,0,1,1,1,1,0,1,1,0,0,0,0,1,1,1,0,1,1,0,0,0,0,0,1,0,0,1,0,1,0,1,0,0,0,1,1,1,1,0,0,0,1,0,0,0,1,1,1,0,1,0,1,0,1,0,0,1,1,1,1,0,0,0,0,0,0,0,1,1,0,0,1,1,0,0,0,0,0,1,1,1,0,1,1,1,1,0,0,0,1,1,0,0,1,1,1,0,0,0,0,1,1,1,1,1,0,1,0,1,0,0,1,1,1,1,1,0,1,0,0,0,0,1,1,0,1,1,0,1,1,0,1,0,1,1,1,0,0,0,1,1,1,1,0,1,1,1,0,1,1,0,0,0,0,0,1,1,1,0,1,1,0,1,1,0,0,1,1,1,0,1,0,1,1,1,0,0,1,1,1,0,1,0,0,0,0,0,0,1,1,0,1,1,0,0,1,0,0,0,1,1,1,1,0,0,1,0,1,1,0,1,0,1
1087,user1087,college125,0,1,1,0,1,1,1,0,0,0,0,0,1,1,0,0,0,1,0,1,0,0,0,1,1,1,0,1,1,1,0,0,0,0,1,0,1,0,0,0,0,0,1,0,0,1,0,1,1,0,1,1,1,0,0,0,1,1,0,0,1,1,0,1,1,0,0,1,0,1,0,1,1,0,0,1,0,0,1,1,1,0,1,1,0,0,1,0,0,1,1,0,1,0,1,1,0,1,0,0,1,1,1,1,1,0,1,0,1,0,0,1,1,0,0,0,1,1,0,0,0,0,1,0,0,0,1,0,0,1,1,0,0,1,1,0,0,1,1,1,1,0,1,0,1,0,1,0,0,0,0,1,0,0,0,1,1,0,1,0,0,1,1,0,0,0,1,1,1,0,1,1,0,0,0,0,0,1,0,1,1,0,1,0,0,0,0,0,1,1,0,0,0,1,1,0,1,0,0,1,0,1,1,0,0,1,0,0,0,1,1,1,1,0,1,0,1,0,0,0,0,1,1,1,1,1,0,0,0,0,0,0,1,1,1,1,0,0,0,0,0,0,0,1,1,0,1,0,1,0,0,1,0,0,1,1,1
1088,user1088,college125,0,1,1,1,0,1,0,1,0,0,0,0,1,0,1,0,0,1,1,0,0,0,0,1,1,1,1,0,1,0,0,0,0,0,1,0,0,1,1,0,0,1,1,0,0,1,1,1,0,0,0,0,0,0,1,0,1,1,1,0,1,1,0,0,1,0,0,1,0,1,0,0,0,1,1,1,0,0,1,1,0,1,0,0,1,0,0,0,0,1,1,0,1,0,1,0,0,0,0,0,1,1,0,1,0,1,0,0,0,0,0,1,1,1,1,1,0,0,0,0,0,0,1,0,1,1,1,0,0,1,0,0,0,1,0,1,0,1,1,0,1,0,0,0,1,1,1,0,0,1,1,1,0,0,0,1,1,1,1,1,0,0,1,1,0,0,1,1,1,1,1,0,0,1,1,0,0,1,1,1,1,0,1,1,1,0,0,0,1,1,1,1,0,0,1,0,0,1,0,1,1,1,1,0,1,0,0,1,0,0,1,1,0,0,0,1,0,0,0,0,0,1,1,1,1,1,0,1,0,0,1,0,1,1,1,1,1,1,1,1,0,1,0,1,1,1,0,0,1,1,0,0,0,0,1,0,1
1089,user1089,college125,0,1,0,1,0,1,1,1,0,0,0,0,1,1,0,1,1,0,1,1,0,0,0,1,1,1,1,0,1,0,1,0,0,0,1,1,1,0,0,0,0,0,0,1,0,1,1,0,1,0,1,0,0,0,0,0,1,0,1,1,1,0,0,0,0,0,0,1,1,0,0,1,1,0,0,0,0,0,1,1,1,0,1,0,0,1,0,0,0,1,1,1,1,0,1,1,1,0,0,0,1,1,1,1,0,1,0,0,0,0,0,1,1,0,1,1,1,1,0,0,0,0,1,1,1,1,1,0,0,1,1,0,0,1,1,1,1,0,0,0,1,0,1,0,1,1,0,0,1,1,0,1,0,1,0,1,0,1,1,0,1,1,1,0,0,0,1,1,0,1,1,1,1,0,0,0,0,1,1,1,1,0,1,1,0,0,0,0,1,1,0,1,1,0,1,0,1,0,0,1,1,1,0,1,1,1,0,0,1,0,1,1,1,1,1,0,0,0,0,1,0,1,1,0,0,1,0,1,0,0,0,0,1,1,1,0,0,1,0,1,0,0,0,1,0,1,1,0,1,0,0,0,0,0,1,1,0
1090,user1090,college125,0,1,0,1,1,0,0,1,0,0,0,0,1,0,1,1,1,1,1,0,1,1,0,1,0,1,1,0,1,1,1,0,0,0,1,1,1,1,1,0,1,0,0,0,0,1,1,1,1,1,1,0,1,0,0,0,1,1,1,1,0,1,1,0,1,1,0,1,1,1,1,0,0,0,0,0,0,0,1,1,1,1,1,0,1,0,0,0,0,1,1,1,1,1,0,0,0,1,0,0,1,0,1,1,1,1,1,0,0,0,0,1,1,1,0,0,0,0,0,0,0,0,1,0,0,0,1,1,1,1,1,1,0,1,1,0,1,0,1,0,0,0,0,0,1,0,1,1,1,0,1,0,0,1,0,1,1,1,1,1,0,0,1,0,0,0,1,1,1,0,0,1,0,0,1,0,0,1,0,1,0,1,1,1,0,1,0,0,1,0,0,0,1,0,0,0,1,1,0,1,1,1,1,1,1,1,1,0,0,0,1,1,1,1,1,1,0,0,0,0,0,1,1,0,1,0,0,0,0,0,1,0,1,1,1,1,0,0,1,0,0,0,0,1,0,1,0,0,1,1,0,0,0,0,1,1,1
1091,user1091,college125,0,1,1,0,1,0,0,1,1,0,0,0,1,1,0,1,0,0,0,0,1,0,0,1,1,1,1,0,1,1,0,0,0,0,1,1,1,1,1,0,1,0,0,0,0,1,1,1,0,1,1,0,0,0,0,0,1,1,0,1,1,1,1,1,0,0,0,1,1,1,0,0,1,0,1,0,0,0,1,1,1,0,0,0,1,0,0,0,0,1,1,0,1,0,0,1,1,1,0,0,1,0,1,0,0,1,1,0,1,0,0,1,1,0,1,1,1,1,0,1,0,0,1,1,1,0,1,1,0,1,1,0,0,1,1,1,1,0,0,0,0,0,0,0,1,1,0,1,1,0,1,1,1,0,0,1,1,0,1,1,1,1,0,0,0,0,1,1,0,0,0,1,0,0,1,1,0,1,1,1,0,0,0,0,0,1,0,0,1,0,1,0,1,1,1,0,0,0,1,1,1,1,0,0,0,1,0,0,0,0,1,1,1,1,1,1,1,0,0,1,0,1,1,0,1,1,1,0,0,0,0,0,1,1,1,1,0,0,1,0,1,0,0,1,1,1,0,1,1,1,1,1,0,0,1,1,1
1092,user1092,college125,0,1,1,0,1,1,0,0,0,0,1,0,1,1,1,0,1,0,0,1,1,0,1,1,1,1,1,1,0,1,0,0,0,0,1,0,1,0,0,1,1,0,0,0,0,1,1,1,1,1,1,1,0,1,0,0,1,1,1,1,1,1,0,1,0,1,0,1,1,0,0,1,0,0,1,0,1,0,1,1,0,1,0,0,1,1,0,0,1,1,1,0,0,0,1,0,0,1,1,0,1,1,1,1,0,1,0,0,1,0,0,1,1,1,1,0,0,1,1,1,0,0,1,1,1,1,0,1,0,1,1,0,0,1,1,1,0,1,1,0,0,1,1,1,1,1,0,1,0,0,0,1,1,0,0,1,1,0,1,0,1,1,0,0,0,0,1,1,0,0,1,0,1,1,0,1,0,1,1,1,0,1,1,1,0,1,0,0,1,1,1,1,1,0,0,1,0,0,0,1,1,1,1,0,0,0,0,1,0,0,1,1,1,1,0,0,0,0,0,0,0,1,1,0,1,1,0,1,1,0,0,0,1,1,1,0,0,1,0,0,0,0,0,1,0,0,0,0,0,0,1,0,0,0,1,1,1
1093,user1093,college125,0,1,0,1,1,1,0,1,0,0,0,0,1,1,1,0,1,0,0,0,0,0,0,1,1,0,1,0,0,1,1,0,0,0,1,1,1,1,1,1,0,0,0,0,0,1,1,1,0,1,1,0,0,1,0,0,1,1,1,1,0,1,0,0,0,0,0,1,1,1,1,0,1,1,0,0,0,0,1,1,1,1,0,1,1,0,1,1,0,1,1,0,1,0,0,1,1,0,0,0,1,1,1,1,0,0,1,1,0,0,0,1,0,1,1,1,1,1,0,0,0,0,1,1,0,1,0,0,0,0,0,0,0,1,0,1,1,1,1,1,1,0,1,0,1,1,0,1,1,0,1,1,1,0,0,1,1,0,0,1,1,1,0,0,0,0,1,1,1,1,0,1,0,0,0,0,0,1,1,1,0,1,1,0,1,0,0,0,1,1,1,0,0,0,1,1,0,1,0,1,1,1,1,0,0,1,0,1,0,0,1,1,1,1,0,1,0,0,1,1,0,1,1,1,1,0,0,1,0,0,0,0,1,0,1,1,0,0,1,1,0,0,0,1,1,1,0,1,0,1,1,0,0,0,1,1,1
1094,user1094,college125,0,1,1,0,1,1,1,0,1,0,0,0,1,1,1,1,0,0,0,0,0,0,0,1,1,1,0,1,0,0,0,0,1,0,1,1,1,1,1,1,1,0,0,0,0,1,1,1,1,0,0,1,1,1,0,0,1,1,1,1,1,1,0,0,0,0,0,1,0,0,0,1,0,0,1,0,0,0,1,1,1,1,0,0,0,0,0,0,0,1,1,1,1,1,1,0,0,0,0,0,1,0,1,1,0,1,0,1,0,0,0,1,1,1,1,1,1,0,0,0,0,0,1,0,1,1,1,0,0,0,0,0,0,1,1,1,0,0,0,1,1,1,1,0,1,1,0,1,1,1,0,0,0,0,0,1,1,1,0,1,0,1,0,1,0,1,1,1,1,1,1,1,1,0,1,1,0,1,1,1,0,0,0,0,0,0,0,0,1,1,1,0,1,0,0,0,1,0,0,1,1,1,1,1,0,0,0,1,0,0,1,1,1,0,0,1,0,0,1,0,0,1,0,1,1,1,1,1,0,0,0,0,1,1,1,1,1,0,0,1,0,0,0,1,1,0,0,1,0,0,0,1,0,0,1,1,1
1095,user1095,college125,0,1,1,1,1,1,1,0,0,1,0,0,1,1,1,1,1,1,0,0,0,1,0,1,1,0,1,0,0,1,1,0,0,0,1,1,1,0,0,0,1,0,1,0,0,1,1,1,1,0,0,0,0,0,0,0,1,1,0,0,1,0,0,0,0,0,0,1,1,1,1,0,0,1,0,1,0,0,1,1,1,0,0,1,0,0,0,0,0,1,1,1,0,0,1,1,0,0,0,0,1,1,0,0,1,0,1,0,0,0,0,1,1,1,0,1,1,1,0,0,1,0,1,1,1,0,1,0,0,1,1,1,0,1,1,1,1,1,1,0,0,0,1,0,1,1,0,1,0,0,1,0,1,0,0,1,1,1,1,1,0,0,0,1,1,0,1,1,1,1,0,0,0,0,0,0,0,1,1,1,1,1,0,1,1,0,0,0,1,1,1,0,1,0,1,0,0,1,0,1,0,0,1,1,1,1,1,1,0,0,1,1,1,1,1,1,1,1,0,1,0,1,1,1,1,0,0,1,0,0,0,0,1,1,0,0,1,1,1,0,1,0,1,1,1,1,0,1,1,0,0,0,0,0,1,1,1
1096,user1096,college150,0,1,0,1,1,1,0,1,1,0,0,0,1,0,1,0,0,0,0,0,1,0,0,1,1,1,1,0,1,1,0,0,0,0,1,1,0,1,1,1,0,0,1,0,0,1,1,0,1,0,0,1,0,1,0,0,1,1,1,1,0,1,0,0,0,0,0,1,1,1,1,1,1,1,0,0,0,1,1,1,1,0,1,1,1,0,1,0,0,1,1,1,1,1,1,1,1,0,0,0,1,1,1,1,1,1,0,0,1,0,0,1,1,1,0,1,0,0,0,1,0,0,1,1,0,1,0,0,1,0,0,0,0,1,1,1,0,1,1,1,1,0,0,0,1,1,1,1,0,1,0,1,0,0,0,1,1,1,1,1,0,1,0,1,0,0,1,0,1,1,1,1,0,0,0,0,0,1,0,1,1,1,0,0,0,0,0,0,1,0,0,1,1,0,1,0,1,0,0,1,1,1,0,1,0,0,1,0,0,0,1,1,0,0,0,0,0,0,0,0,0,1,0,1,0,0,0,1,0,0,0,0,1,1,0,1,1,0,0,1,1,1,0,1,1,1,1,1,1,1,0,0,0,0,1,1,1
1097,user1097,college150,0,1,1,1,1,1,1,1,1,0,0,0,1,1,1,0,0,0,0,1,0,0,0,1,0,1,1,1,0,1,0,0,1,0,1,1,1,0,0,0,1,1,1,0,0,1,1,1,0,1,0,1,0,0,0,0,1,1,0,1,1,1,0,0,0,0,0,1,1,0,0,1,1,0,0,0,0,0,1,1,1,1,0,0,0,1,0,0,0,1,1,1,1,0,0,0,0,0,0,0,1,0,1,0,0,1,0,0,1,0,0,1,1,1,1,0,0,0,1,1,0,0,1,1,1,0,0,1,0,1,0,1,0,1,1,1,1,1,1,1,1,1,0,0,1,0,0,1,1,1,1,1,0,0,0,1,1,1,0,1,1,0,0,0,0,0,1,0,1,0,0,1,1,1,0,0,0,1,1,1,0,0,1,0,1,1,0,0,1,1,1,1,1,0,0,1,0,1,0,1,1,1,0,1,1,0,0,1,0,0,1,1,1,1,0,0,0,0,1,0,0,1,1,0,1,1,0,1,1,0,0,0,1,1,0,1,1,1,0,0,1,0,0,1,1,0,0,0,1,0,0,0,0,0,1,0,0
1098,user1098,college150,0,1,1,0,1,1,0,0,0,1,0,0,1,0,1,0,0,1,1,0,0,0,0,1,0,0,0,1,1,0,0,1,0,0,1,1,0,0,1,0,0,0,0,1,0,1,0,1,0,0,1,1,0,0,1,0,1,1,1,1,1,0,1,0,1,0,0,1,1,1,1,0,1,0,1,1,1,0,1,0,1,0,0,0,0,0,0,0,0,1,1,1,1,0,1,1,0,1,1,0,1,1,0,0,1,0,1,1,0,1,0,1,1,1,1,0,1,0,0,1,0,0,1,1,0,0,0,0,0,0,1,0,0,1,0,1,0,0,1,1,1,0,0,0,1,1,0,1,1,0,0,0,0,1,0,1,1,1,1,1,0,0,0,0,0,0,1,0,0,1,1,0,0,0,0,0,0,1,1,1,0,0,0,1,0,0,0,0,1,1,1,0,1,1,0,0,1,0,0,1,0,1,0,1,0,1,0,0,1,0,1,0,1,1,0,0,1,0,1,0,0,1,1,0,1,1,0,1,0,0,0,0,1,1,0,1,1,1,1,1,1,0,0,1,1,1,1,1,1,1,0,0,0,0,1,1,1
1099,user1099,college150,0,1,0,1,1,1,1,1,1,0,0,0,1,1,1,0,0,1,1,1,0,0,0,1,1,1,1,0,1,1,0,1,1,0,1,1,1,1,1,0,0,0,0,0,0,1,0,1,1,1,1,1,1,0,0,0,1,1,1,0,1,1,1,0,1,1,0,1,1,1,1,0,0,1,1,0,0,0,1,0,1,1,1,1,1,0,1,0,0,1,0,1,1,1,1,1,1,0,0,0,1,1,1,1,0,0,0,1,1,0,0,1,1,1,1,0,1,0,0,1,0,0,1,0,1,1,1,1,0,0,0,0,0,1,1,1,1,1,0,0,1,1,0,0,1,1,0,1,1,1,1,1,0,1,0,1,1,1,0,0,0,0,0,0,1,0,1,1,1,1,0,1,0,1,0,0,0,1,1,0,0,0,0,1,0,0,1,0,1,1,0,1,0,1,1,0,0,1,1,1,1,0,1,1,0,0,0,1,0,0,1,1,1,1,1,1,0,1,1,0,0,1,1,1,1,1,1,1,0,0,0,0,1,1,0,1,1,0,1,0,0,0,0,1,1,0,1,1,0,0,1,0,1,1,1,1,0
1100,user1100,college150,0,1,0,1,1,0,0,0,0,0,0,0,1,1,1,0,1,1,0,0,0,0,0,1,1,1,1,0,1,1,1,1,0,0,1,1,1,1,1,0,0,0,0,0,0,1,0,1,1,1,1,0,1,0,0,0,1,1,1,1,0,1,1,0,0,0,0,1,1,1,1,1,0,0,0,0,0,0,1,1,0,1,1,0,0,0,0,0,0,1,1,1,1,0,1,0,1,0,0,0,1,1,1,1,0,0,1,0,0,0,0,1,1,1,1,0,1,0,0,1,0,0,1,1,0,0,1,1,0,0,0,0,0,1,1,0,1,1,0,0,0,0,0,1,1,1,1,0,1,0,1,0,0,0,0,1,1,1,1,0,1,0,0,0,0,0,1,1,1,1,1,0,0,0,0,0,0,1,0,1,0,0,1,0,0,1,0,0,1,0,1,1,0,1,0,1,0,1,0,1,1,1,1,1,0,0,0,1,0,0,1,1,1,0,1,1,0,0,0,0,0,1,1,1,1,1,1,0,1,0,0,0,1,1,1,1,0,0,0,1,0,0,0,1,1,1,1,0,1,1,0,0,0,0,1,1,1
1101,user1101,college150,0,1,1,1,1,1,1,1,0,0,0,0,1,1,0,1,1,0,0,0,0,0,0,1,1,0,0,1,1,1,0,1,1,0,1,1,1,1,1,0,0,0,0,0,0,1,1,1,1,0,0,1,1,0,0,0,1,1,0,1,1,0,0,0,1,0,0,1,0,1,0,0,1,1,0,0,0,0,1,0,1,1,0,1,0,1,1,0,0,1,1,1,1,1,0,1,0,0,0,0,1,1,1,1,1,1,1,0,0,0,0,1,1,0,1,1,0,1,0,0,1,0,1,1,0,1,0,0,1,1,0,0,0,1,1,0,1,0,1,0,0,1,0,0,1,1,1,0,0,0,0,0,1,0,0,1,1,1,1,0,0,0,1,0,0,0,1,1,1,0,1,1,1,0,0,0,0,1,1,1,1,1,0,1,0,0,0,0,1,1,0,1,0,0,1,0,1,0,0,1,0,1,0,1,0,0,1,0,0,0,1,1,1,0,1,1,0,0,0,0,0,1,1,1,1,1,1,1,1,0,0,0,1,1,1,0,1,1,1,0,0,0,0,1,1,1,1,1,1,1,1,1,0,0,1,1,0
1102,user1102,college150,0,1,1,0,1,1,1,1,0,0,0,0,1,1,1,0,0,1,1,1,0,1,0,1,1,1,1,1,1,1,1,0,0,0,1,1,1,0,1,1,1,1,1,0,0,1,1,1,1,1,1,0,0,1,0,0,1,0,0,1,1,1,0,0,0,0,0,1,1,1,1,1,1,0,0,0,0,0,1,0,1,0,0,1,0,1,0,1,0,1,1,1,1,1,1,0,0,1,1,0,1,1,1,1,0,0,1,0,0,0,0,1,1,1,0,1,0,1,1,0,1,0,1,1,1,1,1,1,0,1,1,0,0,1,0,0,1,0,1,1,1,0,0,0,1,0,1,0,0,1,0,0,0,0,0,1,1,1,0,1,0,1,0,1,0,0,1,1,1,0,1,1,1,0,0,0,0,1,1,1,0,1,0,0,0,0,0,0,1,1,1,1,0,0,1,0,0,0,0,1,1,1,1,1,1,1,0,0,0,0,1,1,1,0,1,1,0,1,0,0,0,1,1,1,0,1,1,0,0,0,0,1,1,1,1,1,1,0,0,0,0,0,0,1,1,1,0,0,1,0,0,1,0,0,1,1,1
1103,user1103,college150,0,1,1,1,1,0,0,1,0,1,0,0,1,1,1,1,1,0,0,1,0,1,0,1,1,0,1,0,1,1,0,1,0,0,1,1,1,1,1,1,0,1,0,0,0,1,1,1,0,0,0,1,0,0,0,0,1,1,1,1,1,0,1,0,0,0,0,1,1,1,1,0,1,0,0,0,0,0,1,1,0,0,1,1,1,0,0,0,0,1,1,1,1,1,1,1,0,0,0,0,1,1,1,1,1,1,0,0,0,0,0,1,1,1,0,0,0,1,0,0,0,0,1,1,0,1,1,1,1,0,0,0,0,1,0,1,0,0,1,1,0,0,0,0,1,1,1,1,0,1,0,1,0,0,0,1,1,1,0,1,0,0,0,0,0,0,1,0,1,1,1,1,1,1,0,0,1,1,1,1,1,1,1,1,0,0,0,1,1,1,1,1,1,1,1,0,1,0,0,1,1,0,0,0,0,1,1,0,0,0,1,1,0,1,1,0,0,1,1,1,0,1,1,1,1,1,0,0,0,0,0,0,1,0,1,0,1,1,0,1,0,1,0,1,1,1,0,1,0,0,1,1,1,0,1,1,1
1104,user1104,college150,0,1,1,1,1,0,1,0,0,0,0,0,1,1,0,0,0,0,0,0,0,0,0,1,1,1,1,1,0,1,0,0,0,0,1,1,1,0,0,0,1,0,0,0,0,1,1,1,0,1,1,1,1,0,1,0,1,1,1,1,1,0,0,0,0,0,0,1,0,1,0,1,0,0,1,0,0,0,1,1,1,0,0,1,1,0,0,0,0,1,1,0,0,1,1,1,1,1,0,0,1,1,1,1,1,1,1,0,1,0,0,1,0,0,1,0,1,0,1,1,0,0,1,1,1,0,1,1,0,0,1,0,0,1,0,1,0,1,1,1,0,1,0,0,1,1,1,1,1,1,0,0,1,0,0,1,1,1,1,0,0,0,0,0,0,0,1,1,1,0,1,1,1,0,0,0,0,1,0,1,0,1,1,1,0,0,0,0,1,1,1,0,0,0,1,0,0,0,0,1,0,1,0,1,1,0,1,1,0,0,1,1,0,1,0,1,0,0,0,0,0,1,1,1,1,1,1,0,0,0,0,0,1,1,0,0,1,0,1,0,0,1,0,1,1,0,1,1,1,1,1,0,0,0,1,1,1
1105,user1105,college150,0,1,1,0,1,1,0,0,1,1,0,0,1,1,0,1,0,0,0,0,0,0,0,1,1,1,1,1,1,0,1,1,0,0,1,1,1,1,1,0,0,0,1,0,0,1,1,1,1,0,0,1,0,0,0,0,1,1,1,1,1,1,0,0,0,1,0,1,1,1,1,1,0,0,1,1,0,0,1,1,1,0,1,0,1,1,0,1,0,1,1,1,1,0,1,0,0,1,1,0,1,1,0,0,0,0,0,1,0,0,0,1,1,0,1,0,1,1,1,0,0,0,1,1,0,0,1,0,0,1,0,0,0,1,0,0,1,1,0,1,0,0,1,0,1,1,1,1,0,1,1,1,1,0,0,1,0,0,0,0,0,0,0,0,0,0,1,0,1,1,0,1,1,0,0,0,0,1,0,1,0,0,1,1,0,0,0,0,1,1,1,0,1,0,0,0,0,0,0,1,1,1,0,0,0,0,1,0,1,0,1,0,1,0,1,1,1,1,0,1,0,1,1,1,0,0,1,0,1,0,0,0,1,1,1,0,1,0,1,1,1,0,0,1,1,0,1,0,1,1,0,0,0,0,1,1,0
1106,user1106,college150,0,1,1,1,0,0,1,0,0,0,0,0,1,0,0,1,1,0,0,1,1,0,0,1,1,1,1,1,0,0,0,0,0,0,1,0,1,1,0,1,1,0,0,0,0,1,1,1,0,1,1,1,0,0,0,0,1,1,1,1,0,0,0,1,1,0,0,1,1,0,1,0,1,0,1,0,0,0,1,1,1,0,1,0,1,0,1,1,0,1,1,1,1,1,0,1,0,0,0,0,1,1,1,1,1,0,0,0,0,0,0,1,1,1,0,1,1,0,1,1,0,0,1,1,1,1,1,0,0,0,0,0,0,1,1,1,1,0,1,0,1,0,0,0,1,1,1,1,0,1,0,0,0,0,0,1,1,1,0,1,0,0,0,1,1,0,1,1,0,0,0,0,1,1,0,0,0,1,0,1,0,1,0,1,0,1,0,0,1,1,1,1,1,0,0,0,0,1,1,1,1,1,0,1,0,1,1,0,1,0,1,1,1,1,1,0,0,0,0,0,0,1,0,1,1,0,0,1,0,1,1,0,1,1,1,0,1,1,1,0,0,0,0,1,1,0,0,1,0,1,0,1,0,0,1,1,1
1107,user1107,college150,0,1,1,1,1,0,1,0,0,0,0,0,1,0,1,1,1,1,0,0,0,1,0,1,1,1,1,1,1,1,1,0,0,0,1,1,1,0,0,1,0,1,1,1,0,1,1,0,1,1,0,0,1,0,0,0,1,1,0,1,1,0,0,0,0,0,0,1,1,1,1,0,0,0,1,0,0,0,1,1,1,0,0,0,0,1,1,0,0,1,0,1,0,1,0,0,1,0,1,0,1,1,1,1,0,1,0,0,0,0,0,1,1,1,1,0,1,1,0,0,0,0,1,1,1,1,1,1,0,0,0,0,0,1,1,0,0,0,0,0,1,0,0,0,1,1,1,0,0,1,1,1,0,0,0,1,1,1,0,0,0,1,1,1,0,0,1,1,1,0,1,1,0,1,0,0,0,1,1,0,1,0,0,1,0,0,0,0,1,0,1,1,0,0,1,1,0,0,0,1,1,1,1,0,1,0,0,0,0,0,1,1,1,1,1,1,0,0,0,0,0,1,1,0,1,0,1,0,1,0,0,0,1,1,1,1,0,1,1,0,0,0,0,1,1,1,0,1,0,0,0,1,0,0,1,1,1
1108,user1108,college150,0,1,1,0,1,0,1,1,0,1,0,0,1,1,1,1,0,1,1,0,0,0,0,1,0,0,0,0,0,0,1,0,0,0,1,1,0,1,1,0,0,0,0,0,0,1,1,1,0,1,0,0,1,0,1,0,1,1,1,0,0,1,1,1,1,0,0,1,1,0,1,0,1,1,0,0,1,0,1,1,1,0,1,1,0,0,0,0,0,1,1,1,1,1,1,1,0,0,0,0,1,1,1,1,1,1,0,0,0,0,0,1,1,1,0,1,1,0,0,0,0,0,1,1,0,1,0,0,1,0,0,0,0,1,1,1,0,0,0,0,1,1,0,1,1,1,0,1,1,1,0,1,1,0,1,1,0,0,0,0,1,1,0,1,0,0,1,1,1,0,1,1,1,0,0,0,0,1,1,1,1,0,0,0,1,0,0,0,1,1,1,1,0,1,0,1,0,0,0,1,0,0,0,1,0,0,0,1,0,0,1,1,1,0,0,1,1,1,1,0,0,1,1,1,1,1,1,0,1,1,1,0,1,1,1,1,0,0,1,1,0,1,0,1,0,1,1,0,1,1,0,1,0,0,1,1,1
1109,user1109,college150,0,1,1,1,1,1,0,1,1,0,0,0,1,0,1,1,0,0,0,0,0,0,0,1,1,1,1,1,1,0,0,0,1,0,1,0,1,1,1,1,1,0,1,0,0,1,1,0,0,0,0,1,1,1,0,0,1,0,1,0,1,0,1,0,0,0,0,1,0,1,0,0,0,1,1,1,0,0,1,1,1,0,0,1,0,1,1,0,0,1,0,0,0,0,1,0,0,1,0,0,1,1,1,1,1,1,0,1,0,0,0,1,1,1,1,1,1,0,1,0,0,0,1,1,1,1,1,0,0,1,1,0,0,1,0,1,0,1,1,0,0,0,0,0,1,1,0,1,0,1,0,0,0,0,0,1,1,0,1,0,1,0,0,0,0,0,1,1,1,0,0,0,0,0,1,0,0,1,1,1,1,0,0,0,1,0,0,0,1,0,1,0,1,1,1,0,1,0,0,1,0,1,1,1,1,1,0,1,1,0,1,1,1,0,1,1,1,0,1,0,0,1,1,1,1,1,1,0,1,1,1,0,1,0,1,1,1,0,0,0,0,1,0,1,1,1,0,0,1,1,0,0,0,0,1,1,1
1110,user1110,college150,0,1,1,1,0,1,0,0,0,0,0,0,1,0,0,1,1,1,1,0,0,0,0,1,1,1,1,0,0,0,0,0,0,0,1,1,1,1,1,0,0,0,1,0,0,1,1,1,0,1,0,0,0,0,1,0,1,1,0,0,0,1,0,0,0,0,0,1,1,1,1,1,0,0,0,0,1,0,1,0,1,1,0,0,1,0,0,0,0,1,1,1,1,1,0,0,0,1,1,0,1,1,0,1,0,0,0,1,1,0,0,1,0,1,1,1,0,1,0,0,0,0,1,1,1,1,1,0,0,0,0,1,0,1,1,1,0,1,0,1,1,1,0,0,1,1,0,1,0,1,0,0,1,0,0,1,0,1,0,1,1,0,0,0,0,0,1,1,1,1,0,0,0,0,0,0,0,1,1,1,1,0,0,0,0,1,0,0,1,0,1,1,1,0,0,1,0,0,0,1,1,1,1,1,1,0,1,1,0,0,1,0,1,1,1,0,0,1,1,0,0,1,1,1,1,0,0,1,0,0,0,0,1,1,0,0,1,1,1,0,0,0,0,1,1,1,0,0,0,0,1,0,1,0,1,1,1
1111,user1111,college150,0,1,1,1,0,0,1,0,1,1,0,0,1,1,1,0,1,1,1,0,0,0,0,1,1,0,0,0,1,0,1,0,0,0,1,1,0,0,1,0,1,1,1,0,1,1,1,1,0,1,0,0,0,0,0,0,1,1,1,1,0,0,1,0,0,0,0,1,1,0,1,1,1,0,0,0,0,0,1,1,1,1,0,1,0,0,1,0,0,1,1,0,1,1,1,0,1,1,1,0,1,1,1,1,1,0,0,0,1,1,0,1,1,1,0,0,1,0,0,0,0,0,1,1,1,1,1,0,1,0,0,0,0,1,1,0,1,0,0,1,0,1,0,0,1,1,0,1,1,1,1,1,1,0,0,1,1,1,0,1,1,1,0,1,0,0,1,1,1,1,1,0,0,0,0,1,0,1,1,1,1,0,0,0,1,0,0,0,1,1,1,1,0,1,1,0,0,0,0,1,1,1,0,1,0,0,0,0,0,0,1,0,1,1,1,0,0,1,0,0,0,1,1,1,1,0,1,1,1,0,0,0,1,1,1,1,1,1,1,0,1,0,0,1,1,1,0,1,1,0,1,1,0,0,1,1,0
1112,user1112,college150,0,1,1,1,1,1,1,1,0,0,0,0,1,1,0,1,1,1,0,0,1,0,0,1,1,1,0,0,1,1,1,0,0,0,1,1,1,0,1,1,1,0,1,0,0,1,1,1,0,1,1,0,0,0,0,0,1,1,1,1,0,1,1,0,0,0,0,1,1,1,0,0,0,0,1,0,0,0,1,1,1,1,0,0,1,0,0,0,0,1,0,1,1,0,0,0,0,0,0,0,1,1,0,0,0,0,0,0,0,0,0,1,1,1,0,0,0,0,0,1,0,0,1,1,1,1,1,1,1,1,1,0,0,1,1,0,1,0,0,0,0,1,0,0,1,1,1,1,1,0,1,0,0,1,0,1,1,1,1,0,0,0,0,0,0,0,1,0,1,0,0,1,1,0,0,0,0,1,1,1,1,1,0,0,1,0,0,0,1,1,1,1,1,0,1,1,1,0,0,1,0,1,1,0,1,0,0,1,0,0,1,1,0,0,0,0,1,0,0,1,0,1,1,1,1,1,0,0,0,1,0,0,1,1,1,1,1,0,1,0,0,1,0,1,1,0,1,0,0,1,0,0,1,0,1,1,1
1113,user1113,college150,0,1,1,1,0,1,0,0,1,1,1,0,1,1,0,1,1,1,0,0,0,0,0,1,1,0,1,0,1,0,1,0,0,0,1,1,1,0,0,0,0,0,0,0,0,1,1,1,1,1,1,0,0,0,0,0,1,1,1,1,1,0,0,0,0,0,0,1,1,1,1,1,1,0,0,0,0,0,1,0,1,1,1,0,0,0,0,0,0,1,1,0,1,1,1,1,0,1,0,0,1,1,0,0,1,1,0,1,0,1,0,1,1,1,1,0,0,0,1,0,0,0,1,0,0,0,1,0,1,1,1,0,0,1,1,1,1,1,1,0,0,0,0,0,1,0,0,1,1,0,0,0,1,0,0,1,0,0,1,1,1,0,1,0,0,0,1,1,0,1,0,0,1,1,0,0,0,1,1,1,0,1,1,1,0,0,0,0,1,1,0,0,0,0,0,0,0,0,0,1,0,0,1,1,0,1,0,0,0,0,1,1,1,0,0,1,0,1,0,1,0,1,1,1,0,1,0,0,0,0,0,0,1,1,1,1,1,0,0,1,1,0,0,1,1,1,0,1,0,1,0,0,0,0,1,1,1
1114,user1114,college150,0,1,1,1,1,0,0,0,1,0,0,0,1,1,1,0,0,0,0,0,1,0,0,1,1,1,0,1,0,0,1,0,0,0,1,1,1,0,0,1,1,0,1,0,0,1,1,1,0,0,1,1,0,1,0,0,1,1,1,1,1,1,1,1,1,0,0,1,0,1,0,1,0,0,1,1,0,0,1,1,1,0,0,1,0,0,0,1,1,1,1,1,1,0,1,1,0,0,0,0,1,1,1,1,0,0,0,1,0,1,0,1,1,1,1,1,0,1,0,0,0,0,1,1,1,1,0,0,0,1,0,1,0,1,1,1,0,0,1,0,1,0,0,0,1,0,1,0,0,0,1,1,0,0,0,1,1,1,1,0,0,1,0,1,0,0,1,1,0,0,1,1,0,0,0,0,0,1,1,0,1,0,1,1,0,0,1,0,1,1,1,1,1,1,0,0,0,0,1,1,1,0,1,0,1,1,0,0,0,0,1,1,1,1,1,1,1,0,0,0,0,1,1,1,0,0,0,1,1,0,0,0,1,0,1,0,1,1,1,0,0,0,0,1,1,1,1,1,0,1,1,0,0,0,1,1,1
1115,user1115,college150,0,1,1,1,0,1,1,1,0,0,0,0,1,1,1,0,0,1,1,1,0,0,0,1,1,1,1,1,0,0,0,0,1,0,1,1,0,0,0,0,0,0,0,0,0,1,1,1,0,1,0,0,0,1,0,0,1,1,0,1,1,1,1,1,1,0,0,1,1,1,1,1,1,1,1,0,0,0,1,0,1,1,0,1,0,0,0,0,0,1,1,1,1,0,1,1,0,0,0,0,1,1,0,1,1,1,1,0,0,1,0,1,0,1,1,0,0,0,0,0,0,0,1,1,1,1,1,1,0,0,1,0,0,1,1,0,1,0,0,0,0,1,0,0,1,0,1,0,0,1,1,1,1,0,0,1,1,1,0,0,0,1,1,0,0,0,1,1,1,1,0,0,1,1,1,0,0,1,1,1,1,1,1,1,0,0,0,0,1,1,1,0,0,1,0,0,1,1,0,1,1,1,1,1,1,0,1,0,1,0,1,1,1,0,1,1,0,0,1,0,0,1,1,1,1,1,0,0,1,0,0,0,1,1,1,1,1,0,0,1,0,0,0,1,1,1,1,1,1,1,1,0,0,0,1,1,1
1116,user1116,college150,0,1,1,1,0,1,1,0,1,1,0,0,1,1,1,1,0,0,1,1,0,0,0,1,1,0,1,1,0,1,0,0,0,0,1,1,1,1,1,0,0,0,0,1,0,1,1,0,0,1,1,1,1,1,0,0,1,0,1,1,0,0,0,1,0,1,0,1,0,1,1,0,0,1,0,0,0,0,1,1,1,1,0,0,0,0,0,0,0,1,1,1,1,1,1,1,1,0,1,0,1,1,1,1,1,0,1,0,1,0,0,1,1,1,0,1,0,1,1,0,1,0,1,1,1,1,1,0,1,0,1,0,0,1,1,1,1,0,0,0,1,0,0,0,1,1,1,1,0,1,0,1,0,0,0,1,1,0,0,1,1,0,0,0,0,0,1,1,1,1,1,1,0,0,0,0,0,1,1,0,1,1,1,0,0,0,0,0,1,1,1,1,0,1,1,1,0,0,0,1,0,1,0,0,1,1,0,1,0,0,1,1,0,1,1,0,1,1,1,0,0,1,1,0,0,0,1,0,0,0,0,0,1,1,1,1,0,1,0,0,0,0,0,1,1,1,1,1,1,0,0,0,0,0,1,1,1
1117,user1117,college150,0,1,0,1,1,1,0,0,0,0,0,0,1,1,1,1,1,1,1,1,0,0,1,1,1,1,1,0,1,0,1,0,0,0,1,1,0,0,1,0,1,0,0,1,0,1,1,0,1,1,0,1,1,0,0,0,1,0,0,1,1,1,1,1,0,0,0,1,0,1,1,0,0,1,0,1,0,0,1,1,1,1,1,1,0,0,1,1,0,1,1,0,1,0,1,1,0,0,0,0,1,0,1,1,1,1,1,0,0,0,0,1,1,1,1,1,0,0,0,0,0,0,1,0,1,0,0,1,1,0,0,0,0,1,1,1,1,0,0,1,0,0,0,0,1,1,1,0,0,0,1,0,0,0,0,1,0,1,0,1,0,0,0,0,0,0,1,1,0,0,0,1,0,0,0,1,0,1,1,1,0,0,0,0,0,1,0,0,1,1,1,1,1,0,0,0,0,0,0,1,1,0,1,1,0,1,0,1,0,0,1,0,0,1,0,1,0,0,1,0,0,1,1,1,1,0,1,0,1,1,1,0,1,1,1,0,0,0,1,1,1,0,0,1,0,1,0,1,1,0,1,0,0,0,1,1,1
1118,user1118,college150,0,1,0,0,0,1,0,1,1,0,0,0,1,1,1,0,1,1,0,0,1,0,0,1,1,1,1,0,0,0,1,1,0,0,1,0,0,1,1,1,0,0,0,0,1,1,1,1,1,1,1,0,0,0,0,0,1,1,1,0,0,1,0,0,0,1,0,1,1,1,0,1,1,0,0,0,0,0,1,0,1,1,0,1,1,0,0,0,0,1,1,1,0,1,0,0,0,1,0,0,1,1,1,0,0,1,0,1,0,0,0,1,1,1,1,0,0,0,1,0,0,0,1,1,1,1,0,1,0,1,0,0,0,1,1,1,1,1,1,0,0,1,0,0,1,1,1,1,1,1,1,1,0,1,0,1,1,1,1,0,1,1,1,0,0,0,1,0,1,0,1,0,0,0,1,0,0,1,1,0,0,1,1,1,0,0,0,0,1,1,1,0,1,0,1,1,1,0,0,1,0,1,1,1,0,0,0,0,0,0,1,1,1,0,1,1,1,0,1,0,0,1,1,0,0,1,0,1,0,0,0,0,1,1,0,1,0,1,1,1,0,0,0,1,1,1,1,1,0,1,0,0,0,0,1,1,1
1119,user1119,college150,0,1,1,1,1,1,0,1,0,0,1,0,1,1,1,1,1,0,0,0,0,1,0,1,1,1,1,0,0,0,1,0,0,0,1,1,1,0,0,1,0,0,0,0,0,1,1,1,0,0,1,0,1,0,0,0,1,1,0,1,0,0,0,1,1,1,0,1,1,1,1,1,1,1,0,0,0,0,1,0,1,1,1,0,0,0,0,1,0,1,1,1,1,0,0,0,0,0,0,0,1,1,1,0,1,0,0,0,1,0,0,1,1,1,1,0,1,1,0,0,0,0,1,1,1,1,1,1,1,0,0,0,0,1,0,1,1,1,0,1,1,1,0,0,1,1,0,1,0,0,0,1,0,0,0,1,1,1,1,1,0,0,0,0,0,1,1,1,1,1,1,0,0,1,0,0,0,1,1,0,1,1,1,1,0,0,0,0,1,1,1,0,0,1,0,0,1,1,0,1,1,1,1,0,0,1,1,0,0,0,1,0,1,1,1,1,1,0,0,1,0,1,0,0,1,0,1,0,1,1,0,0,1,1,1,1,1,0,0,1,0,0,0,1,1,1,0,1,1,0,0,1,0,0,1,1,0
1120,user1120,college150,0,1,1,1,1,1,0,0,0,0,0,0,1,1,0,0,1,1,0,0,0,0,0,1,1,0,0,0,1,1,1,0,1,0,1,1,0,1,0,0,0,0,1,0,0,1,1,1,0,0,0,1,1,1,1,0,1,1,0,0,0,1,1,0,1,1,0,1,1,0,1,0,0,0,0,1,0,0,1,0,0,1,1,1,1,0,0,0,0,1,1,0,1,1,0,0,0,0,0,0,1,1,1,1,1,0,0,0,0,0,0,1,1,1,0,1,1,0,1,1,0,0,1,1,1,0,1,1,1,0,0,0,0,1,1,1,1,0,0,1,1,1,0,0,1,1,1,1,1,1,0,0,0,1,0,1,1,0,0,0,0,0,0,0,0,0,1,1,1,1,1,0,0,1,0,0,0,1,1,1,1,0,1,1,1,0,0,1,1,0,0,0,0,0,1,0,0,0,0,1,1,0,1,1,0,1,1,0,0,0,1,0,1,0,1,0,0,0,1,0,0,1,0,1,1,1,0,1,1,0,0,0,1,1,1,1,1,0,1,0,1,0,0,1,1,1,1,1,1,1,0,1,1,0,1,1,1
1121,user1121,college150,0,1,1,1,0,1,1,1,1,1,1,0,1,1,1,0,0,1,1,1,0,1,0,1,0,1,1,0,0,0,0,0,0,0,1,1,1,1,1,0,1,1,0,0,0,1,1,0,1,0,0,1,0,0,1,0,1,0,1,1,1,0,1,1,0,0,0,1,1,0,1,1,1,0,0,0,1,0,1,1,0,1,1,0,0,0,0,0,0,1,0,1,1,1,1,0,0,1,0,0,1,0,1,0,0,1,0,0,0,0,0,1,1,0,0,0,1,1,0,0,1,0,1,1,1,0,1,1,0,0,0,0,0,1,1,1,1,0,1,0,1,0,0,0,1,1,1,0,0,1,1,1,0,0,0,1,1,1,1,1,0,1,0,0,0,0,1,1,1,1,0,1,0,0,0,0,0,1,1,1,1,1,1,1,0,0,0,0,1,1,0,0,1,0,0,0,1,0,0,1,1,1,0,1,1,1,0,1,0,0,1,0,1,1,1,1,1,0,0,1,0,1,1,1,1,1,0,0,0,0,0,0,1,1,1,0,1,1,0,0,0,1,0,1,1,1,1,1,0,1,0,0,1,0,1,1,1
1122,user1122,college150,0,1,0,1,0,1,0,1,0,1,0,0,1,1,0,0,1,1,1,0,1,0,0,1,1,1,1,1,1,1,1,0,0,0,1,1,1,0,1,0,1,0,0,0,0,1,1,1,1,1,1,0,0,0,0,0,1,1,0,1,1,1,0,1,0,0,0,1,1,0,1,0,1,0,1,0,0,0,1,1,1,1,1,0,0,0,0,0,0,1,1,1,1,1,1,0,0,0,0,0,1,1,1,0,1,0,1,0,0,0,0,1,1,1,1,0,0,1,0,1,0,0,1,1,1,0,1,0,0,1,0,0,0,1,1,1,0,1,0,1,0,0,0,0,1,1,0,0,1,1,0,1,1,1,0,1,1,1,1,1,0,0,1,0,0,0,1,1,1,1,1,1,0,0,0,0,0,1,1,1,1,0,1,0,0,0,0,0,1,1,0,0,1,1,1,0,0,1,0,1,1,1,1,1,0,0,0,1,0,0,1,1,1,1,1,1,0,0,0,1,0,1,0,1,0,0,1,0,1,1,0,0,1,0,1,0,0,1,1,1,0,0,0,1,1,1,1,1,1,0,0,0,1,0,1,1,1
1123,user1123,college150,0,1,1,1,0,0,0,1,0,1,1,0,1,1,1,0,0,1,0,0,0,0,0,1,1,0,1,0,0,0,0,0,0,0,1,1,1,0,1,0,0,0,0,0,0,1,1,1,1,1,1,1,0,0,0,0,1,1,0,1,1,0,1,0,0,0,0,1,1,1,1,0,1,1,1,0,1,0,1,1,0,0,1,1,0,0,1,0,0,1,1,1,1,0,1,1,0,0,0,0,1,0,1,1,1,0,1,1,1,0,0,1,1,1,1,1,0,0,1,0,0,0,1,1,1,1,1,0,0,0,0,0,0,1,1,1,0,0,1,1,1,1,0,0,1,1,1,1,0,1,0,1,0,0,0,1,1,1,0,1,0,1,1,1,0,0,1,1,1,1,1,0,0,1,1,0,0,1,1,1,0,0,1,0,0,0,0,0,1,1,1,1,1,0,1,0,0,0,0,1,1,0,1,0,1,1,0,0,0,0,1,1,1,1,0,1,0,0,0,0,0,1,1,1,1,1,1,1,0,0,0,0,1,1,1,0,1,0,1,0,1,0,1,1,1,1,1,1,0,0,0,0,0,0,1,1,0
1124,user1124,college150,0,1,0,0,1,1,1,0,1,0,0,0,1,1,1,0,0,0,0,1,0,0,0,1,1,1,0,1,0,1,0,1,0,0,1,1,0,1,1,1,1,0,1,1,0,1,1,1,1,1,1,1,0,0,1,0,1,1,1,0,1,1,0,0,0,0,0,1,1,1,1,0,0,0,0,1,0,0,1,1,0,1,1,1,0,1,0,0,0,1,1,1,1,0,1,1,0,0,0,0,1,1,1,0,0,0,1,0,0,0,0,1,1,0,1,1,1,1,0,0,0,0,1,1,1,1,1,1,0,1,0,0,0,1,1,0,1,1,0,1,0,0,1,1,1,0,0,0,1,0,0,1,0,0,0,1,1,1,0,1,1,1,0,1,0,0,1,1,0,1,1,0,0,0,0,1,0,1,1,1,0,0,0,0,0,0,0,0,1,0,1,0,0,1,1,1,0,0,0,1,1,1,1,1,1,1,1,0,0,0,1,1,0,1,0,0,1,0,1,0,0,1,1,1,1,1,0,0,0,0,0,0,1,1,1,1,1,0,0,0,1,0,0,1,1,1,0,1,1,1,0,1,1,0,1,0,1
1125,user1125,college150,0,1,1,0,1,0,0,0,0,1,0,0,1,1,1,1,1,1,1,0,1,0,0,1,0,1,1,1,0,0,0,0,0,0,1,1,1,1,1,1,0,1,1,0,0,1,1,1,1,1,0,0,0,1,0,0,1,1,1,0,1,1,1,0,0,0,0,1,1,1,1,1,0,0,0,0,1,0,1,1,1,1,1,1,0,1,1,1,0,1,1,1,0,1,1,0,0,0,0,0,1,1,1,1,1,1,1,0,1,0,0,1,1,1,1,1,1,0,0,0,0,0,1,1,0,1,1,1,0,0,0,0,0,1,1,1,1,0,1,1,1,0,0,0,1,1,0,1,1,1,1,1,0,0,0,1,1,1,0,0,0,1,0,0,1,0,1,1,1,1,1,0,1,1,1,0,0,1,1,1,0,0,0,1,1,0,0,0,1,1,1,1,1,0,0,0,0,0,0,1,1,1,1,1,1,0,1,1,0,0,1,1,0,1,1,1,1,0,0,0,0,1,1,1,0,0,0,1,0,1,0,0,1,1,0,1,0,1,1,0,0,0,0,1,1,0,1,0,0,1,0,0,0,0,1,1,0
1126,user1126,college150,0,1,0,1,1,0,0,0,0,1,0,0,1,1,1,0,1,1,0,0,1,0,0,1,1,1,1,1,1,1,1,0,1,0,1,1,1,1,0,0,1,0,0,0,0,1,0,0,1,1,1,1,1,0,0,0,1,1,1,1,1,1,0,0,1,1,0,1,1,1,1,0,0,0,1,0,1,0,1,1,0,0,0,0,1,0,0,0,0,1,1,1,0,0,0,0,0,1,1,0,1,1,0,1,1,0,0,1,0,0,0,1,1,0,0,0,0,1,1,0,0,0,1,0,1,0,1,0,1,1,0,1,0,1,1,1,1,1,1,0,0,1,0,0,1,1,0,1,1,0,0,1,0,0,0,1,1,1,1,1,0,0,1,1,0,0,1,1,0,0,1,0,1,0,0,0,0,1,1,0,0,1,1,1,0,0,0,0,1,0,1,1,1,1,0,0,0,0,0,1,0,1,1,0,1,0,1,1,0,0,1,1,1,1,1,1,1,1,1,0,0,1,1,1,0,0,1,0,0,1,0,0,1,0,1,0,1,1,1,0,0,0,0,1,1,1,1,1,0,1,1,1,0,0,1,1,1
1127,user1127,college150,0,1,1,0,0,1,1,0,0,0,0,0,1,1,1,0,1,0,1,0,1,0,0,1,1,1,0,0,1,0,0,1,0,0,1,1,0,1,1,1,1,1,0,0,0,1,1,1,0,1,1,1,1,0,0,0,1,1,1,1,0,1,0,1,0,1,0,1,1,0,0,0,0,1,0,1,0,0,1,1,1,1,0,1,1,1,0,1,0,1,1,1,1,1,1,0,1,0,0,0,1,1,1,0,0,0,1,1,0,0,0,1,1,1,1,1,1,1,1,0,0,0,1,1,1,0,1,0,0,1,1,0,0,1,1,1,0,0,1,1,0,0,0,0,1,1,0,1,0,1,0,1,1,0,0,1,1,1,1,0,1,0,1,0,0,0,1,1,1,0,1,0,0,0,1,0,0,1,1,1,1,1,1,0,0,0,1,0,1,1,0,1,0,0,0,0,0,0,0,1,1,0,1,1,0,1,1,0,0,0,1,1,1,0,1,1,0,0,0,1,0,1,1,1,1,0,0,0,0,0,1,0,1,1,1,1,1,0,1,1,0,0,0,1,1,1,0,1,1,0,0,0,1,0,1,1,1
1128,user1128,college150,0,1,0,0,1,0,0,1,0,0,0,0,1,1,1,0,1,0,1,1,0,0,0,1,1,1,1,1,0,1,0,0,0,0,1,1,1,0,1,1,1,0,0,0,0,1,1,1,1,1,0,0,0,0,0,0,1,0,1,1,1,0,1,0,1,1,0,1,1,1,0,1,1,0,0,0,0,0,1,1,1,1,1,0,1,0,1,0,0,1,1,1,1,0,1,0,1,1,0,0,1,0,1,1,0,1,1,0,0,0,0,1,1,1,1,1,0,1,1,0,0,0,1,1,1,1,1,0,0,1,0,0,0,1,1,1,1,0,0,0,1,1,0,0,1,0,1,1,1,1,0,0,0,0,0,1,1,1,1,0,1,1,0,0,0,0,1,1,1,1,1,0,1,0,0,1,0,1,1,1,0,1,0,1,0,0,0,0,1,1,1,1,0,1,0,0,0,0,0,1,1,1,1,1,1,1,0,0,0,0,1,1,1,1,1,1,0,0,0,0,0,1,1,1,1,0,1,1,1,1,0,0,1,1,1,0,1,0,0,0,0,0,0,1,1,1,1,1,1,0,1,0,0,0,1,1,1
1129,user1129,college150,0,1,1,1,1,0,1,0,0,0,0,0,1,1,1,1,0,1,1,0,1,1,0,1,1,0,1,1,1,1,1,0,0,0,1,0,0,1,0,0,1,0,0,0,0,1,1,1,0,0,0,0,0,0,0,0,1,1,1,0,1,1,0,0,0,0,0,1,1,0,1,0,0,0,0,0,0,0,1,1,1,1,1,1,1,1,1,0,0,1,1,1,0,1,0,1,1,0,0,0,1,1,1,0,0,1,0,1,1,0,0,1,1,1,1,1,1,0,0,0,1,0,1,1,0,1,1,0,1,0,1,1,1,1,1,1,1,0,1,0,0,0,1,0,1,0,1,0,1,0,0,0,0,0,0,1,1,1,0,0,0,1,1,1,0,0,1,1,0,0,1,0,1,1,1,0,0,1,1,1,1,0,0,0,1,1,0,0,1,1,0,1,1,1,1,1,0,0,0,1,0,1,0,1,1,1,1,0,0,0,1,1,1,0,0,1,0,1,1,1,0,1,1,1,0,0,0,1,0,0,0,0,1,1,1,1,0,0,0,1,0,0,0,1,1,1,1,1,1,1,1,0,0,0,1,0,1
1130,user1130,college150,0,1,0,0,0,0,0,0,0,0,0,0,1,1,1,1,1,1,0,0,0,1,0,1,0,1,0,1,0,1,0,1,0,0,1,1,0,1,0,1,1,0,0,0,0,1,1,0,1,1,0,0,0,0,0,0,1,1,1,1,1,1,0,0,0,1,0,1,1,0,1,1,1,1,0,0,0,0,1,1,1,1,1,1,0,0,0,0,0,1,0,0,1,0,1,1,0,0,0,0,1,0,1,0,0,0,1,1,0,0,0,1,1,0,1,0,1,0,0,0,0,0,1,1,0,1,1,0,1,0,0,0,0,1,1,1,0,1,1,0,0,0,0,0,1,1,0,1,1,0,0,0,0,0,0,1,1,1,0,0,0,1,1,0,0,0,1,1,1,0,0,0,1,1,0,1,0,1,1,1,0,0,1,1,1,1,0,0,1,1,0,0,1,1,1,0,0,0,0,1,1,0,0,1,0,1,0,0,0,0,1,1,1,0,1,0,0,1,0,0,0,1,1,0,1,1,1,1,0,1,0,0,1,1,1,1,1,1,0,0,0,0,0,1,1,0,1,1,0,0,1,0,0,0,1,1,1
1131,user1131,college150,0,1,1,0,0,1,1,0,1,0,1,0,1,1,0,1,1,1,0,0,1,0,0,1,1,0,1,1,1,0,0,0,0,0,1,1,1,1,1,1,0,0,0,0,0,1,1,0,0,0,1,0,0,1,1,0,1,1,1,0,1,1,1,0,0,0,0,1,1,1,1,1,0,1,0,0,1,0,1,1,1,1,1,1,1,1,0,1,0,1,1,0,0,1,1,0,0,1,0,0,1,1,0,1,1,1,1,1,0,0,0,1,0,1,0,1,0,1,1,1,0,0,1,0,1,1,1,0,1,1,0,1,0,1,1,1,1,0,1,0,1,0,0,0,1,1,0,1,1,0,0,1,0,0,0,1,1,1,1,0,1,1,0,1,0,0,1,1,1,0,1,1,0,1,0,0,0,1,1,1,1,0,0,1,0,1,0,0,1,1,1,0,0,1,1,1,0,1,0,1,0,1,1,0,0,0,0,0,0,0,1,0,0,0,1,0,0,0,0,0,0,1,1,0,0,0,1,1,0,1,0,0,1,1,1,0,0,0,0,0,0,0,0,1,1,0,0,0,1,1,1,0,0,0,1,0,1
1132,user1132,college150,0,1,1,0,1,1,0,0,1,0,0,0,1,1,0,0,0,1,0,1,1,1,0,1,1,1,0,1,1,0,0,1,0,0,1,1,0,1,1,1,1,1,0,0,0,1,1,0,1,0,0,1,0,0,0,0,1,0,1,0,1,0,1,0,1,0,0,1,1,0,1,0,0,0,0,1,0,0,1,1,1,1,1,1,0,0,1,0,0,1,1,0,0,0,0,1,1,1,0,0,1,1,0,0,0,0,0,0,0,0,0,1,1,1,1,0,0,0,1,0,1,0,1,0,1,1,1,1,0,1,0,0,0,1,0,0,1,0,1,0,0,1,1,0,1,1,1,0,0,0,1,0,0,0,0,1,1,0,0,1,1,1,0,0,0,0,1,1,0,0,1,1,1,0,1,0,0,1,1,0,0,1,0,0,0,1,0,0,1,0,1,0,1,1,1,0,1,0,0,1,1,1,0,1,1,0,0,0,0,0,1,1,1,1,1,1,0,1,0,0,0,1,1,1,0,1,1,1,0,0,0,0,1,1,1,0,1,1,1,0,1,0,0,1,0,1,0,0,1,1,0,1,0,0,1,1,1
1133,user1133,college150,0,1,1,1,1,0,1,0,0,0,0,0,1,1,0,1,1,1,0,0,0,1,0,1,0,1,1,1,0,1,1,1,0,0,1,1,1,1,0,0,1,0,0,0,0,1,1,1,0,1,1,0,0,0,0,0,1,1,1,1,0,0,0,0,0,0,0,1,0,1,1,1,0,1,1,1,1,0,1,1,1,1,0,0,0,0,1,0,0,1,1,0,0,1,1,0,0,0,0,0,1,1,1,1,0,1,0,1,0,0,0,1,1,1,0,1,1,0,0,0,0,0,1,1,0,1,1,0,1,1,1,0,0,1,1,0,1,0,0,0,1,0,0,0,1,1,0,1,0,1,1,0,0,0,0,1,1,0,1,1,0,0,0,0,0,0,1,0,1,1,1,0,1,1,1,0,0,1,0,1,1,0,0,0,0,0,0,0,1,1,1,0,0,1,1,0,0,0,0,1,1,1,1,1,0,1,1,0,0,0,1,1,0,1,1,1,1,1,1,0,0,1,1,0,1,1,1,0,1,0,0,0,1,1,1,1,1,0,0,0,0,0,0,1,1,0,1,0,0,1,0,0,1,0,1,1,1
1134,user1134,college150,0,1,0,1,0,0,1,1,1,0,0,0,1,1,1,1,1,0,0,0,0,0,0,1,1,0,0,0,0,0,0,1,0,0,1,1,1,0,1,1,0,0,0,1,0,1,0,1,0,1,1,0,0,0,0,0,1,1,1,1,1,0,0,0,0,0,0,1,0,0,1,0,0,0,0,0,1,0,1,1,1,1,0,1,1,0,0,1,0,1,1,0,1,1,0,0,0,0,1,0,1,1,1,1,1,1,1,0,0,0,0,1,1,1,0,1,1,1,0,0,0,0,1,1,1,0,1,1,1,1,1,1,0,1,1,1,1,0,0,1,0,0,0,0,1,1,1,1,1,1,0,0,0,1,1,1,1,1,1,0,1,1,1,0,0,0,1,0,0,0,1,0,0,0,1,1,0,1,1,0,1,1,0,0,1,0,0,0,1,0,1,0,1,0,0,1,1,0,0,1,1,1,1,1,1,1,0,1,0,0,1,1,1,1,1,1,0,0,0,1,0,1,1,1,1,1,0,1,0,1,0,0,1,1,1,1,1,0,1,0,1,0,0,1,1,1,0,1,0,1,0,1,0,0,1,1,0
1135,user1135,college150,0,1,1,1,1,1,0,1,1,0,1,0,1,1,1,1,1,0,0,0,0,0,0,1,1,1,0,1,0,1,0,0,0,0,1,0,1,1,1,1,1,1,1,0,0,1,1,1,0,0,1,0,0,1,0,0,1,1,1,0,0,1,0,0,0,0,1,1,1,1,1,0,0,1,0,0,0,0,1,1,1,0,1,0,1,0,0,0,0,1,1,1,0,1,1,1,0,0,0,0,1,1,1,1,1,0,0,1,0,0,0,1,0,1,1,1,1,0,1,0,0,0,1,1,1,0,1,0,1,0,0,0,0,1,1,0,1,1,1,1,0,0,0,0,1,1,1,1,0,0,0,0,0,0,0,1,1,1,0,1,0,1,0,1,0,0,1,1,1,0,1,0,1,0,0,0,0,1,1,1,1,1,0,0,0,0,0,0,1,1,1,0,1,0,1,1,0,0,0,1,1,0,1,1,0,1,1,1,0,0,1,0,0,1,1,0,1,0,1,0,0,1,1,1,1,0,1,1,1,0,0,0,1,1,1,0,0,0,0,0,1,0,0,1,1,1,1,1,0,0,0,0,0,0,1,1,1
1136,user1136,college150,0,1,1,0,1,0,1,0,0,0,0,0,1,1,1,1,1,0,1,1,1,1,0,1,1,0,1,1,0,0,0,1,0,1,1,1,1,1,1,0,0,0,0,0,0,1,1,1,0,1,0,0,0,0,1,0,1,1,0,1,0,0,1,1,0,0,0,1,1,0,1,0,0,1,1,1,0,0,1,1,1,1,1,0,0,0,0,0,0,1,0,1,0,1,0,0,1,0,0,0,1,1,0,1,1,1,0,0,1,0,0,1,1,1,1,0,1,1,1,0,1,0,1,0,0,1,0,0,0,0,1,0,0,1,1,1,1,1,1,1,0,0,1,0,1,1,1,1,0,1,0,1,1,1,0,1,1,1,1,0,0,1,0,1,0,0,1,1,1,0,1,0,0,0,0,0,0,1,1,0,0,0,1,1,1,0,0,0,1,1,1,1,1,0,1,0,0,1,0,1,1,0,0,1,1,0,0,0,0,0,1,1,1,1,1,1,0,0,0,0,0,1,1,1,1,1,1,1,1,1,1,0,1,0,1,0,0,1,1,0,0,0,0,1,1,1,1,0,1,1,1,0,0,0,1,1,1
1137,user1137,college150,0,1,1,1,1,0,1,0,1,1,1,0,1,1,0,0,1,1,0,0,0,0,0,1,1,0,1,1,1,1,0,0,0,0,1,1,0,1,1,0,0,1,0,1,0,1,1,1,1,1,1,0,0,1,1,0,1,1,0,1,1,0,0,0,1,1,0,1,1,0,1,0,0,1,0,0,1,0,1,1,0,1,1,0,1,0,1,0,0,1,1,1,0,0,1,0,1,0,1,0,1,0,1,0,1,1,0,0,0,0,1,1,1,1,1,1,1,0,1,0,0,0,1,0,1,1,1,1,0,0,0,0,0,1,1,0,1,0,1,0,0,1,0,0,1,1,0,0,0,0,0,0,1,0,0,1,1,1,0,0,1,1,0,1,1,0,1,1,1,1,0,0,0,1,0,0,0,1,0,1,1,1,1,0,0,0,0,0,1,1,1,1,1,0,0,0,1,0,0,1,1,0,0,0,0,0,0,0,0,0,1,0,1,1,0,0,1,1,0,0,0,1,0,1,1,0,1,0,0,1,0,0,1,1,0,1,0,1,0,1,0,1,0,1,1,1,0,0,0,0,0,1,0,0,1,1,0
1138,user1138,college150,0,1,1,1,1,0,1,1,1,0,0,0,1,1,1,1,0,0,0,0,1,0,0,1,1,1,0,1,1,0,0,0,1,0,1,1,1,1,1,1,1,0,0,0,0,1,0,1,1,1,0,0,0,0,0,0,1,1,0,1,1,1,0,0,0,0,0,1,0,1,0,1,0,0,0,0,0,0,1,1,1,0,0,1,1,1,1,0,0,1,1,1,0,0,1,0,1,0,1,0,1,1,1,0,1,1,0,0,1,0,0,1,0,1,1,0,0,0,0,1,0,0,1,1,0,1,1,1,1,0,1,0,0,1,1,0,1,1,0,1,0,0,0,0,1,1,0,0,0,1,0,0,0,0,0,1,1,1,1,0,1,0,0,0,0,0,1,1,1,0,1,0,0,0,0,0,0,1,1,1,1,1,0,1,0,0,0,0,1,1,0,0,1,0,0,1,0,0,0,1,0,1,1,0,0,1,1,0,1,0,1,0,1,0,1,1,1,0,0,0,0,1,0,1,0,1,1,0,1,0,0,0,1,0,1,1,0,1,0,1,0,1,0,1,1,0,0,1,0,1,1,0,0,0,1,0,0
1139,user1139,college150,0,1,1,1,1,0,1,1,1,0,1,0,1,0,1,1,1,1,0,0,0,0,0,1,1,1,0,0,0,1,0,1,0,0,1,1,0,1,1,1,1,1,1,0,0,1,0,1,0,1,1,1,0,0,0,0,1,0,0,0,1,0,0,0,0,1,0,1,0,1,1,1,0,0,0,0,0,0,1,1,1,1,1,0,1,0,1,0,0,1,1,1,0,1,0,0,0,0,1,0,1,1,1,1,0,0,0,1,0,0,0,1,1,1,1,1,1,0,0,0,0,1,1,1,1,1,1,0,1,1,0,0,0,1,1,1,0,1,0,0,0,0,1,0,1,1,1,0,0,1,0,1,1,0,0,1,1,1,1,0,1,0,0,0,0,0,1,1,0,1,1,0,0,1,0,0,0,1,1,1,1,0,0,0,1,1,1,0,1,1,1,1,0,0,1,0,0,0,0,1,1,0,1,1,1,0,1,0,0,0,1,1,0,0,1,0,0,0,0,0,0,1,1,1,1,0,0,1,0,0,0,0,1,1,1,1,1,1,0,0,1,0,0,1,1,1,1,0,1,0,0,0,0,0,1,1,0
1140,user1140,college150,0,1,1,1,1,0,0,1,0,1,0,0,1,1,1,0,0,0,1,1,0,0,0,1,1,1,1,1,1,0,0,1,0,0,1,1,1,1,0,0,0,1,1,0,0,1,0,1,0,0,1,0,0,1,0,0,1,1,1,1,1,0,1,1,1,0,0,1,0,1,1,1,0,1,0,0,1,0,1,1,1,1,1,0,0,1,0,1,0,1,1,1,0,1,1,0,0,0,0,0,1,1,1,1,1,1,1,0,1,0,0,1,1,1,1,0,1,0,0,1,0,0,1,1,1,0,0,0,1,0,0,0,0,1,1,1,0,1,0,1,1,0,0,0,1,1,1,1,0,0,1,1,0,0,0,1,1,1,0,0,0,0,1,0,0,0,1,0,1,1,1,1,0,0,1,0,0,1,0,0,0,1,1,1,0,0,0,0,1,0,1,0,1,1,1,0,0,0,0,1,1,1,1,0,1,1,0,0,0,0,1,1,1,1,0,0,0,0,0,0,0,1,1,1,0,1,1,1,1,0,0,0,1,1,0,1,1,0,0,0,1,0,0,1,1,1,1,0,0,1,1,0,1,0,1,0,1
1141,user1141,college150,0,1,1,1,1,0,1,1,0,0,0,0,1,1,1,1,1,0,1,1,1,0,0,1,1,1,0,1,1,1,0,1,0,0,1,1,1,0,0,1,1,1,0,0,0,1,1,1,0,1,1,0,0,0,1,0,1,1,0,1,0,1,0,0,1,0,0,1,1,1,1,0,1,1,1,0,1,0,1,1,1,0,0,0,0,0,0,0,0,1,1,0,1,1,0,0,0,0,0,0,1,1,1,1,1,0,1,1,0,0,0,1,1,1,1,1,1,0,0,0,0,0,1,1,1,1,0,1,1,0,0,0,0,1,1,0,1,0,1,1,0,0,0,0,1,0,1,1,1,1,1,0,0,0,0,1,1,1,0,0,1,1,0,0,0,0,1,1,0,0,0,0,1,0,1,0,0,1,1,1,0,1,0,0,0,0,0,0,1,1,0,1,0,0,1,0,0,0,0,1,1,1,1,0,1,1,0,0,0,0,1,1,1,1,0,0,0,0,0,1,0,1,1,1,1,0,1,0,1,0,0,0,1,1,1,1,1,1,1,0,0,0,0,1,1,1,1,0,0,1,0,0,0,0,1,1,1
1142,user1142,college150,0,1,1,0,1,1,0,1,0,1,0,0,1,1,1,0,1,1,0,0,0,1,0,1,0,1,1,1,1,1,1,0,0,0,1,1,0,1,0,1,1,0,0,0,0,1,1,0,1,0,1,0,0,0,1,0,1,1,1,1,1,1,0,0,1,0,0,1,1,1,1,1,0,1,0,0,1,0,1,1,1,0,1,0,0,0,0,0,0,1,1,1,1,1,0,1,1,0,0,0,1,1,1,0,1,0,0,1,0,0,0,1,1,1,1,1,0,0,1,0,0,0,1,0,0,1,0,0,1,0,0,1,0,1,1,1,0,0,1,1,0,0,0,0,1,1,1,0,0,0,1,0,1,0,0,1,0,0,1,0,0,1,0,0,0,0,1,1,0,1,0,0,0,0,0,1,0,1,0,0,1,0,0,0,0,0,0,0,1,1,1,0,1,1,1,1,1,0,0,1,1,1,1,1,0,1,0,0,0,0,1,1,1,1,0,1,1,0,0,0,0,1,1,1,1,0,0,1,0,0,0,0,1,1,0,0,0,1,0,0,0,0,0,1,1,0,1,0,0,1,1,1,0,0,1,1,1
1143,user1143,college150,0,1,0,0,0,1,1,1,0,0,0,0,1,1,1,1,1,1,0,0,1,1,0,1,1,1,1,1,0,1,0,0,0,0,1,1,0,0,0,0,1,0,0,0,0,1,1,1,1,1,1,0,1,0,0,0,1,1,1,1,1,1,0,0,0,0,0,1,1,1,1,0,0,1,0,0,0,0,1,1,1,1,1,1,1,0,1,0,0,1,1,1,1,1,1,1,1,1,0,0,1,1,1,1,0,1,1,0,0,0,0,1,1,1,1,1,0,1,1,1,1,0,1,1,1,1,1,1,0,0,0,0,0,1,1,1,0,0,1,1,0,0,0,0,1,1,1,1,0,1,0,1,0,0,0,1,1,0,1,0,0,0,1,0,0,0,1,1,1,0,0,1,0,1,0,0,0,1,1,1,0,1,1,0,0,0,0,0,1,1,1,0,1,0,0,1,1,1,0,1,1,0,1,0,1,1,0,1,0,0,1,1,1,0,1,1,0,1,0,0,0,1,1,1,1,0,0,1,1,0,0,0,1,0,1,0,1,0,0,0,0,0,0,1,1,1,0,1,0,1,0,1,0,0,1,1,0
1144,user1144,college150,0,1,0,1,0,0,0,1,1,0,1,0,1,1,1,1,1,1,1,0,0,0,0,1,0,1,0,0,1,0,0,0,0,0,1,1,1,1,1,1,0,0,0,1,0,1,1,0,0,1,1,0,0,1,1,0,1,1,1,1,1,0,0,0,0,1,0,1,1,1,1,1,1,1,0,0,0,0,1,1,1,1,0,0,1,1,0,0,0,1,1,1,1,0,0,0,0,0,0,0,1,1,1,0,0,0,1,0,0,0,0,1,1,1,0,1,1,0,0,0,0,0,1,1,1,1,1,0,0,0,1,0,0,1,0,1,1,0,1,1,1,1,0,0,1,1,1,1,1,0,0,0,0,1,0,1,1,1,0,1,1,1,0,1,0,0,1,1,1,0,1,1,0,0,0,0,0,1,1,1,1,0,1,0,1,0,0,0,1,1,1,1,1,1,1,0,1,0,0,1,1,1,0,1,0,0,1,0,1,0,1,1,1,1,1,1,1,0,0,0,0,1,0,1,1,1,0,0,0,0,0,0,1,0,0,0,1,1,0,0,0,0,0,1,1,1,1,1,0,0,0,0,0,0,1,0,1
1145,user1145,college150,0,1,1,1,1,1,1,0,1,1,1,0,1,1,0,1,0,0,1,0,1,1,0,1,1,1,0,1,1,0,1,0,0,0,1,1,1,1,0,1,1,0,0,0,0,1,1,1,0,0,0,0,0,1,1,0,1,1,1,1,1,0,0,0,0,0,0,1,1,1,1,1,1,0,0,1,0,0,1,1,1,1,1,1,0,1,0,0,0,1,1,1,1,1,1,1,1,0,0,0,1,1,1,1,1,0,0,1,0,0,0,1,1,1,0,0,0,0,0,0,0,0,1,1,1,1,1,0,1,1,0,0,0,1,1,1,1,0,1,0,0,0,0,0,1,1,1,1,0,1,0,1,0,0,0,1,1,1,1,1,1,0,1,0,0,0,1,1,1,1,1,1,0,1,1,0,0,1,1,1,0,0,0,1,0,0,1,0,1,1,1,1,1,1,1,0,1,1,0,1,1,0,0,0,1,0,1,1,0,0,1,1,1,1,0,0,1,0,1,0,0,1,1,0,0,0,0,1,0,1,0,0,1,0,1,1,0,1,0,0,0,0,0,1,0,1,1,1,0,1,0,1,0,0,1,1,1
